Observation id	Observation date	Description	Media file	Total length	FPS	Subject	Behavior	Behavioral category	Modifiers	Behavior type	Start (s)	Stop (s)	Duration (s)	Comment start	Comment stop
5546_1215_135620	2022-12-26 20:58:00	First hour of cohousing	C:/miniscopeData/5546/2022_12_15/13_56_20_record/12152022_cohabitation_5546/cleversys/mergedVideo_minicam1.avi	3379.440	50.0	No focal subject	noncontact investigation	Investigation	Both	STATE	8.800	10.300	1.500		
5546_1215_135620	2022-12-26 20:58:00	First hour of cohousing	C:/miniscopeData/5546/2022_12_15/13_56_20_record/12152022_cohabitation_5546/cleversys/mergedVideo_minicam1.avi	3379.440	50.0	No focal subject	noncontact investigation	Investigation	Initiating	STATE	10.540	13.880	3.340		
5546_1215_135620	2022-12-26 20:58:00	First hour of cohousing	C:/miniscopeData/5546/2022_12_15/13_56_20_record/12152022_cohabitation_5546/cleversys/mergedVideo_minicam1.avi	3379.440	50.0	No focal subject	noncontact investigation	Investigation	Initiating	STATE	25.180	32.800	7.620		
5546_1215_135620	2022-12-26 20:58:00	First hour of cohousing	C:/miniscopeData/5546/2022_12_15/13_56_20_record/12152022_cohabitation_5546/cleversys/mergedVideo_minicam1.avi	3379.440	50.0	No focal subject	noncontact investigation	Investigation	Initiating	STATE	33.880	36.140	2.260		
5546_1215_135620	2022-12-26 20:58:00	First hour of cohousing	C:/miniscopeData/5546/2022_12_15/13_56_20_record/12152022_cohabitation_5546/cleversys/mergedVideo_minicam1.avi	3379.440	50.0	No focal subject	grooming	Affiliative	Grooming self	STATE	48.280	59.400	11.120		
5546_1215_135620	2022-12-26 20:58:00	First hour of cohousing	C:/miniscopeData/5546/2022_12_15/13_56_20_record/12152022_cohabitation_5546/cleversys/mergedVideo_minicam1.avi	3379.440	50.0	No focal subject	noncontact investigation	Investigation	Initiating	STATE	97.880	99.580	1.700		
5546_1215_135620	2022-12-26 20:58:00	First hour of cohousing	C:/miniscopeData/5546/2022_12_15/13_56_20_record/12152022_cohabitation_5546/cleversys/mergedVideo_minicam1.avi	3379.440	50.0	No focal subject	noncontact investigation	Investigation	Initiating	STATE	103.480	106.520	3.040		
5546_1215_135620	2022-12-26 20:58:00	First hour of cohousing	C:/miniscopeData/5546/2022_12_15/13_56_20_record/12152022_cohabitation_5546/cleversys/mergedVideo_minicam1.avi	3379.440	50.0	No focal subject	noncontact investigation	Investigation	Receiving	STATE	106.860	108.500	1.640		
5546_1215_135620	2022-12-26 20:58:00	First hour of cohousing	C:/miniscopeData/5546/2022_12_15/13_56_20_record/12152022_cohabitation_5546/cleversys/mergedVideo_minicam1.avi	3379.440	50.0	No focal subject	noncontact investigation	Investigation	Initiating	STATE	110.980	114.220	3.240		
5546_1215_135620	2022-12-26 20:58:00	First hour of cohousing	C:/miniscopeData/5546/2022_12_15/13_56_20_record/12152022_cohabitation_5546/cleversys/mergedVideo_minicam1.avi	3379.440	50.0	No focal subject	noncontact investigation	Investigation	Initiating	STATE	120.600	126.440	5.840		
5546_1215_135620	2022-12-26 20:58:00	First hour of cohousing	C:/miniscopeData/5546/2022_12_15/13_56_20_record/12152022_cohabitation_5546/cleversys/mergedVideo_minicam1.avi	3379.440	50.0	No focal subject	noncontact investigation	Investigation	Initiating	STATE	136.260	139.520	3.260		
5546_1215_135620	2022-12-26 20:58:00	First hour of cohousing	C:/miniscopeData/5546/2022_12_15/13_56_20_record/12152022_cohabitation_5546/cleversys/mergedVideo_minicam1.avi	3379.440	50.0	No focal subject	grooming	Affiliative	Grooming self	STATE	140.560	142.820	2.260		
5546_1215_135620	2022-12-26 20:58:00	First hour of cohousing	C:/miniscopeData/5546/2022_12_15/13_56_20_record/12152022_cohabitation_5546/cleversys/mergedVideo_minicam1.avi	3379.440	50.0	No focal subject	noncontact investigation	Investigation	Initiating	STATE	164.200	167.280	3.080		
5546_1215_135620	2022-12-26 20:58:00	First hour of cohousing	C:/miniscopeData/5546/2022_12_15/13_56_20_record/12152022_cohabitation_5546/cleversys/mergedVideo_minicam1.avi	3379.440	50.0	No focal subject	lunge or bite	Aggressive		POINT	167.060	167.060	NA		
5546_1215_135620	2022-12-26 20:58:00	First hour of cohousing	C:/miniscopeData/5546/2022_12_15/13_56_20_record/12152022_cohabitation_5546/cleversys/mergedVideo_minicam1.avi	3379.440	50.0	No focal subject	noncontact investigation	Investigation	Initiating	STATE	170.340	178.780	8.440		
5546_1215_135620	2022-12-26 20:58:00	First hour of cohousing	C:/miniscopeData/5546/2022_12_15/13_56_20_record/12152022_cohabitation_5546/cleversys/mergedVideo_minicam1.avi	3379.440	50.0	No focal subject	noncontact investigation	Investigation	Initiating	STATE	186.440	191.240	4.800		
5546_1215_135620	2022-12-26 20:58:00	First hour of cohousing	C:/miniscopeData/5546/2022_12_15/13_56_20_record/12152022_cohabitation_5546/cleversys/mergedVideo_minicam1.avi	3379.440	50.0	No focal subject	noncontact investigation	Investigation	Initiating	STATE	191.880	198.820	6.940		
5546_1215_135620	2022-12-26 20:58:00	First hour of cohousing	C:/miniscopeData/5546/2022_12_15/13_56_20_record/12152022_cohabitation_5546/cleversys/mergedVideo_minicam1.avi	3379.440	50.0	No focal subject	noncontact investigation	Investigation	Initiating	STATE	200.340	202.000	1.660		
5546_1215_135620	2022-12-26 20:58:00	First hour of cohousing	C:/miniscopeData/5546/2022_12_15/13_56_20_record/12152022_cohabitation_5546/cleversys/mergedVideo_minicam1.avi	3379.440	50.0	No focal subject	noncontact investigation	Investigation	Initiating	STATE	217.360	220.660	3.300		
5546_1215_135620	2022-12-26 20:58:00	First hour of cohousing	C:/miniscopeData/5546/2022_12_15/13_56_20_record/12152022_cohabitation_5546/cleversys/mergedVideo_minicam1.avi	3379.440	50.0	No focal subject	noncontact investigation	Investigation	Initiating	STATE	225.060	228.880	3.820		
5546_1215_135620	2022-12-26 20:58:00	First hour of cohousing	C:/miniscopeData/5546/2022_12_15/13_56_20_record/12152022_cohabitation_5546/cleversys/mergedVideo_minicam1.avi	3379.440	50.0	No focal subject	noncontact investigation	Investigation	Initiating	STATE	236.660	241.520	4.860		
5546_1215_135620	2022-12-26 20:58:00	First hour of cohousing	C:/miniscopeData/5546/2022_12_15/13_56_20_record/12152022_cohabitation_5546/cleversys/mergedVideo_minicam1.avi	3379.440	50.0	No focal subject	noncontact investigation	Investigation	Initiating	STATE	246.800	249.060	2.260		
5546_1215_135620	2022-12-26 20:58:00	First hour of cohousing	C:/miniscopeData/5546/2022_12_15/13_56_20_record/12152022_cohabitation_5546/cleversys/mergedVideo_minicam1.avi	3379.440	50.0	No focal subject	noncontact investigation	Investigation	Both	STATE	256.000	259.700	3.700		
5546_1215_135620	2022-12-26 20:58:00	First hour of cohousing	C:/miniscopeData/5546/2022_12_15/13_56_20_record/12152022_cohabitation_5546/cleversys/mergedVideo_minicam1.avi	3379.440	50.0	No focal subject	noncontact investigation	Investigation	Initiating	STATE	265.220	272.420	7.200		
5546_1215_135620	2022-12-26 20:58:00	First hour of cohousing	C:/miniscopeData/5546/2022_12_15/13_56_20_record/12152022_cohabitation_5546/cleversys/mergedVideo_minicam1.avi	3379.440	50.0	No focal subject	contact investigation	Affiliative	Initiating	STATE	272.420	276.680	4.260		
5546_1215_135620	2022-12-26 20:58:00	First hour of cohousing	C:/miniscopeData/5546/2022_12_15/13_56_20_record/12152022_cohabitation_5546/cleversys/mergedVideo_minicam1.avi	3379.440	50.0	No focal subject	noncontact investigation	Investigation	Initiating	STATE	281.300	285.680	4.380		
5546_1215_135620	2022-12-26 20:58:00	First hour of cohousing	C:/miniscopeData/5546/2022_12_15/13_56_20_record/12152022_cohabitation_5546/cleversys/mergedVideo_minicam1.avi	3379.440	50.0	No focal subject	grooming	Affiliative	Grooming self	STATE	287.920	289.380	1.460		
5546_1215_135620	2022-12-26 20:58:00	First hour of cohousing	C:/miniscopeData/5546/2022_12_15/13_56_20_record/12152022_cohabitation_5546/cleversys/mergedVideo_minicam1.avi	3379.440	50.0	No focal subject	grooming	Affiliative	Grooming self	STATE	290.560	306.460	15.900		
5546_1215_135620	2022-12-26 20:58:00	First hour of cohousing	C:/miniscopeData/5546/2022_12_15/13_56_20_record/12152022_cohabitation_5546/cleversys/mergedVideo_minicam1.avi	3379.440	50.0	No focal subject	grooming	Affiliative	Grooming self	STATE	309.320	328.780	19.460		
5546_1215_135620	2022-12-26 20:58:00	First hour of cohousing	C:/miniscopeData/5546/2022_12_15/13_56_20_record/12152022_cohabitation_5546/cleversys/mergedVideo_minicam1.avi	3379.440	50.0	No focal subject	noncontact investigation	Investigation	Receiving	STATE	327.920	330.900	2.980		
5546_1215_135620	2022-12-26 20:58:00	First hour of cohousing	C:/miniscopeData/5546/2022_12_15/13_56_20_record/12152022_cohabitation_5546/cleversys/mergedVideo_minicam1.avi	3379.440	50.0	No focal subject	noncontact investigation	Investigation	Initiating	STATE	333.520	346.460	12.940		
5546_1215_135620	2022-12-26 20:58:00	First hour of cohousing	C:/miniscopeData/5546/2022_12_15/13_56_20_record/12152022_cohabitation_5546/cleversys/mergedVideo_minicam1.avi	3379.440	50.0	No focal subject	noncontact investigation	Investigation	Initiating	STATE	347.560	349.360	1.800		
5546_1215_135620	2022-12-26 20:58:00	First hour of cohousing	C:/miniscopeData/5546/2022_12_15/13_56_20_record/12152022_cohabitation_5546/cleversys/mergedVideo_minicam1.avi	3379.440	50.0	No focal subject	noncontact investigation	Investigation	Initiating	STATE	357.900	358.980	1.080		
5546_1215_135620	2022-12-26 20:58:00	First hour of cohousing	C:/miniscopeData/5546/2022_12_15/13_56_20_record/12152022_cohabitation_5546/cleversys/mergedVideo_minicam1.avi	3379.440	50.0	No focal subject	noncontact investigation	Investigation	Initiating	STATE	379.000	380.780	1.780		
5546_1215_135620	2022-12-26 20:58:00	First hour of cohousing	C:/miniscopeData/5546/2022_12_15/13_56_20_record/12152022_cohabitation_5546/cleversys/mergedVideo_minicam1.avi	3379.440	50.0	No focal subject	noncontact investigation	Investigation	Initiating	STATE	381.180	383.120	1.940		
5546_1215_135620	2022-12-26 20:58:00	First hour of cohousing	C:/miniscopeData/5546/2022_12_15/13_56_20_record/12152022_cohabitation_5546/cleversys/mergedVideo_minicam1.avi	3379.440	50.0	No focal subject	contact investigation	Affiliative	Initiating	STATE	384.760	393.880	9.120		
5546_1215_135620	2022-12-26 20:58:00	First hour of cohousing	C:/miniscopeData/5546/2022_12_15/13_56_20_record/12152022_cohabitation_5546/cleversys/mergedVideo_minicam1.avi	3379.440	50.0	No focal subject	noncontact investigation	Investigation	Initiating	STATE	394.100	398.120	4.020		
5546_1215_135620	2022-12-26 20:58:00	First hour of cohousing	C:/miniscopeData/5546/2022_12_15/13_56_20_record/12152022_cohabitation_5546/cleversys/mergedVideo_minicam1.avi	3379.440	50.0	No focal subject	noncontact investigation	Investigation	Initiating	STATE	399.880	408.560	8.680		
5546_1215_135620	2022-12-26 20:58:00	First hour of cohousing	C:/miniscopeData/5546/2022_12_15/13_56_20_record/12152022_cohabitation_5546/cleversys/mergedVideo_minicam1.avi	3379.440	50.0	No focal subject	contact investigation	Affiliative	Initiating	STATE	408.560	410.860	2.300		
5546_1215_135620	2022-12-26 20:58:00	First hour of cohousing	C:/miniscopeData/5546/2022_12_15/13_56_20_record/12152022_cohabitation_5546/cleversys/mergedVideo_minicam1.avi	3379.440	50.0	No focal subject	mount	Affiliative		POINT	410.860	410.860	NA		
5546_1215_135620	2022-12-26 20:58:00	First hour of cohousing	C:/miniscopeData/5546/2022_12_15/13_56_20_record/12152022_cohabitation_5546/cleversys/mergedVideo_minicam1.avi	3379.440	50.0	No focal subject	intromission	Affiliative		POINT	411.120	411.120	NA		
5546_1215_135620	2022-12-26 20:58:00	First hour of cohousing	C:/miniscopeData/5546/2022_12_15/13_56_20_record/12152022_cohabitation_5546/cleversys/mergedVideo_minicam1.avi	3379.440	50.0	No focal subject	contact investigation	Affiliative	Initiating	STATE	414.280	417.380	3.100		
5546_1215_135620	2022-12-26 20:58:00	First hour of cohousing	C:/miniscopeData/5546/2022_12_15/13_56_20_record/12152022_cohabitation_5546/cleversys/mergedVideo_minicam1.avi	3379.440	50.0	No focal subject	noncontact investigation	Investigation	Receiving	STATE	442.480	445.040	2.560		
5546_1215_135620	2022-12-26 20:58:00	First hour of cohousing	C:/miniscopeData/5546/2022_12_15/13_56_20_record/12152022_cohabitation_5546/cleversys/mergedVideo_minicam1.avi	3379.440	50.0	No focal subject	noncontact investigation	Investigation	Initiating	STATE	450.980	456.560	5.580		
5546_1215_135620	2022-12-26 20:58:00	First hour of cohousing	C:/miniscopeData/5546/2022_12_15/13_56_20_record/12152022_cohabitation_5546/cleversys/mergedVideo_minicam1.avi	3379.440	50.0	No focal subject	noncontact investigation	Investigation	Initiating	STATE	457.320	462.080	4.760		
5546_1215_135620	2022-12-26 20:58:00	First hour of cohousing	C:/miniscopeData/5546/2022_12_15/13_56_20_record/12152022_cohabitation_5546/cleversys/mergedVideo_minicam1.avi	3379.440	50.0	No focal subject	noncontact investigation	Investigation	Initiating	STATE	462.500	464.320	1.820		
5546_1215_135620	2022-12-26 20:58:00	First hour of cohousing	C:/miniscopeData/5546/2022_12_15/13_56_20_record/12152022_cohabitation_5546/cleversys/mergedVideo_minicam1.avi	3379.440	50.0	No focal subject	noncontact investigation	Investigation	Both	STATE	464.760	465.880	1.120		
5546_1215_135620	2022-12-26 20:58:00	First hour of cohousing	C:/miniscopeData/5546/2022_12_15/13_56_20_record/12152022_cohabitation_5546/cleversys/mergedVideo_minicam1.avi	3379.440	50.0	No focal subject	noncontact investigation	Investigation	Initiating	STATE	466.520	479.260	12.740		
5546_1215_135620	2022-12-26 20:58:00	First hour of cohousing	C:/miniscopeData/5546/2022_12_15/13_56_20_record/12152022_cohabitation_5546/cleversys/mergedVideo_minicam1.avi	3379.440	50.0	No focal subject	noncontact investigation	Investigation	Both	STATE	500.520	503.160	2.640		
5546_1215_135620	2022-12-26 20:58:00	First hour of cohousing	C:/miniscopeData/5546/2022_12_15/13_56_20_record/12152022_cohabitation_5546/cleversys/mergedVideo_minicam1.avi	3379.440	50.0	No focal subject	noncontact investigation	Investigation	Initiating	STATE	504.660	508.440	3.780		
5546_1215_135620	2022-12-26 20:58:00	First hour of cohousing	C:/miniscopeData/5546/2022_12_15/13_56_20_record/12152022_cohabitation_5546/cleversys/mergedVideo_minicam1.avi	3379.440	50.0	No focal subject	contact investigation	Affiliative	Initiating	STATE	508.440	513.660	5.220		
5546_1215_135620	2022-12-26 20:58:00	First hour of cohousing	C:/miniscopeData/5546/2022_12_15/13_56_20_record/12152022_cohabitation_5546/cleversys/mergedVideo_minicam1.avi	3379.440	50.0	No focal subject	noncontact investigation	Investigation	Initiating	STATE	526.620	530.060	3.440		
5546_1215_135620	2022-12-26 20:58:00	First hour of cohousing	C:/miniscopeData/5546/2022_12_15/13_56_20_record/12152022_cohabitation_5546/cleversys/mergedVideo_minicam1.avi	3379.440	50.0	No focal subject	contact investigation	Affiliative	Initiating	STATE	530.060	537.440	7.380		
5546_1215_135620	2022-12-26 20:58:00	First hour of cohousing	C:/miniscopeData/5546/2022_12_15/13_56_20_record/12152022_cohabitation_5546/cleversys/mergedVideo_minicam1.avi	3379.440	50.0	No focal subject	noncontact investigation	Investigation	Initiating	STATE	548.500	554.460	5.960		
5546_1215_135620	2022-12-26 20:58:00	First hour of cohousing	C:/miniscopeData/5546/2022_12_15/13_56_20_record/12152022_cohabitation_5546/cleversys/mergedVideo_minicam1.avi	3379.440	50.0	No focal subject	noncontact investigation	Investigation	Initiating	STATE	554.940	557.620	2.680		
5546_1215_135620	2022-12-26 20:58:00	First hour of cohousing	C:/miniscopeData/5546/2022_12_15/13_56_20_record/12152022_cohabitation_5546/cleversys/mergedVideo_minicam1.avi	3379.440	50.0	No focal subject	noncontact investigation	Investigation	Initiating	STATE	563.340	569.120	5.780		
5546_1215_135620	2022-12-26 20:58:00	First hour of cohousing	C:/miniscopeData/5546/2022_12_15/13_56_20_record/12152022_cohabitation_5546/cleversys/mergedVideo_minicam1.avi	3379.440	50.0	No focal subject	contact investigation	Affiliative	Initiating	STATE	569.120	573.740	4.620		
5546_1215_135620	2022-12-26 20:58:00	First hour of cohousing	C:/miniscopeData/5546/2022_12_15/13_56_20_record/12152022_cohabitation_5546/cleversys/mergedVideo_minicam1.avi	3379.440	50.0	No focal subject	mount	Affiliative		POINT	573.740	573.740	NA		
5546_1215_135620	2022-12-26 20:58:00	First hour of cohousing	C:/miniscopeData/5546/2022_12_15/13_56_20_record/12152022_cohabitation_5546/cleversys/mergedVideo_minicam1.avi	3379.440	50.0	No focal subject	intromission	Affiliative		POINT	576.020	576.020	NA		
5546_1215_135620	2022-12-26 20:58:00	First hour of cohousing	C:/miniscopeData/5546/2022_12_15/13_56_20_record/12152022_cohabitation_5546/cleversys/mergedVideo_minicam1.avi	3379.440	50.0	No focal subject	intromission	Affiliative		POINT	578.420	578.420	NA		
5546_1215_135620	2022-12-26 20:58:00	First hour of cohousing	C:/miniscopeData/5546/2022_12_15/13_56_20_record/12152022_cohabitation_5546/cleversys/mergedVideo_minicam1.avi	3379.440	50.0	No focal subject	intromission	Affiliative		POINT	581.721	581.721	NA		
5546_1215_135620	2022-12-26 20:58:00	First hour of cohousing	C:/miniscopeData/5546/2022_12_15/13_56_20_record/12152022_cohabitation_5546/cleversys/mergedVideo_minicam1.avi	3379.440	50.0	No focal subject	ejaculation	Affiliative		POINT	582.645	582.645	NA		
5546_1215_135620	2022-12-26 20:58:00	First hour of cohousing	C:/miniscopeData/5546/2022_12_15/13_56_20_record/12152022_cohabitation_5546/cleversys/mergedVideo_minicam1.avi	3379.440	50.0	No focal subject	grooming	Affiliative	Grooming self	STATE	584.970	586.620	1.650		
5546_1215_135620	2022-12-26 20:58:00	First hour of cohousing	C:/miniscopeData/5546/2022_12_15/13_56_20_record/12152022_cohabitation_5546/cleversys/mergedVideo_minicam1.avi	3379.440	50.0	No focal subject	lunge or bite	Aggressive		POINT	586.586	586.586	NA		
5546_1215_135620	2022-12-26 20:58:00	First hour of cohousing	C:/miniscopeData/5546/2022_12_15/13_56_20_record/12152022_cohabitation_5546/cleversys/mergedVideo_minicam1.avi	3379.440	50.0	No focal subject	noncontact investigation	Investigation	Initiating	STATE	588.061	591.861	3.800		
5546_1215_135620	2022-12-26 20:58:00	First hour of cohousing	C:/miniscopeData/5546/2022_12_15/13_56_20_record/12152022_cohabitation_5546/cleversys/mergedVideo_minicam1.avi	3379.440	50.0	No focal subject	noncontact investigation	Investigation	Initiating	STATE	597.301	602.200	4.899		
5546_1215_135620	2022-12-26 20:58:00	First hour of cohousing	C:/miniscopeData/5546/2022_12_15/13_56_20_record/12152022_cohabitation_5546/cleversys/mergedVideo_minicam1.avi	3379.440	50.0	No focal subject	mount	Affiliative		POINT	602.200	602.200	NA		
5546_1215_135620	2022-12-26 20:58:00	First hour of cohousing	C:/miniscopeData/5546/2022_12_15/13_56_20_record/12152022_cohabitation_5546/cleversys/mergedVideo_minicam1.avi	3379.440	50.0	No focal subject	intromission	Affiliative		POINT	604.076	604.076	NA		
5546_1215_135620	2022-12-26 20:58:00	First hour of cohousing	C:/miniscopeData/5546/2022_12_15/13_56_20_record/12152022_cohabitation_5546/cleversys/mergedVideo_minicam1.avi	3379.440	50.0	No focal subject	intromission	Affiliative		POINT	606.526	606.526	NA		
5546_1215_135620	2022-12-26 20:58:00	First hour of cohousing	C:/miniscopeData/5546/2022_12_15/13_56_20_record/12152022_cohabitation_5546/cleversys/mergedVideo_minicam1.avi	3379.440	50.0	No focal subject	intromission	Affiliative		POINT	608.601	608.601	NA		
5546_1215_135620	2022-12-26 20:58:00	First hour of cohousing	C:/miniscopeData/5546/2022_12_15/13_56_20_record/12152022_cohabitation_5546/cleversys/mergedVideo_minicam1.avi	3379.440	50.0	No focal subject	intromission	Affiliative		POINT	610.976	610.976	NA		
5546_1215_135620	2022-12-26 20:58:00	First hour of cohousing	C:/miniscopeData/5546/2022_12_15/13_56_20_record/12152022_cohabitation_5546/cleversys/mergedVideo_minicam1.avi	3379.440	50.0	No focal subject	intromission	Affiliative		POINT	613.475	613.475	NA		
5546_1215_135620	2022-12-26 20:58:00	First hour of cohousing	C:/miniscopeData/5546/2022_12_15/13_56_20_record/12152022_cohabitation_5546/cleversys/mergedVideo_minicam1.avi	3379.440	50.0	No focal subject	intromission	Affiliative		POINT	616.376	616.376	NA		
5546_1215_135620	2022-12-26 20:58:00	First hour of cohousing	C:/miniscopeData/5546/2022_12_15/13_56_20_record/12152022_cohabitation_5546/cleversys/mergedVideo_minicam1.avi	3379.440	50.0	No focal subject	intromission	Affiliative		POINT	618.925	618.925	NA		
5546_1215_135620	2022-12-26 20:58:00	First hour of cohousing	C:/miniscopeData/5546/2022_12_15/13_56_20_record/12152022_cohabitation_5546/cleversys/mergedVideo_minicam1.avi	3379.440	50.0	No focal subject	intromission	Affiliative		POINT	621.700	621.700	NA		
5546_1215_135620	2022-12-26 20:58:00	First hour of cohousing	C:/miniscopeData/5546/2022_12_15/13_56_20_record/12152022_cohabitation_5546/cleversys/mergedVideo_minicam1.avi	3379.440	50.0	No focal subject	intromission	Affiliative		POINT	624.501	624.501	NA		
5546_1215_135620	2022-12-26 20:58:00	First hour of cohousing	C:/miniscopeData/5546/2022_12_15/13_56_20_record/12152022_cohabitation_5546/cleversys/mergedVideo_minicam1.avi	3379.440	50.0	No focal subject	intromission	Affiliative		POINT	627.126	627.126	NA		
5546_1215_135620	2022-12-26 20:58:00	First hour of cohousing	C:/miniscopeData/5546/2022_12_15/13_56_20_record/12152022_cohabitation_5546/cleversys/mergedVideo_minicam1.avi	3379.440	50.0	No focal subject	intromission	Affiliative		POINT	629.950	629.950	NA		
5546_1215_135620	2022-12-26 20:58:00	First hour of cohousing	C:/miniscopeData/5546/2022_12_15/13_56_20_record/12152022_cohabitation_5546/cleversys/mergedVideo_minicam1.avi	3379.440	50.0	No focal subject	intromission	Affiliative		POINT	632.650	632.650	NA		
5546_1215_135620	2022-12-26 20:58:00	First hour of cohousing	C:/miniscopeData/5546/2022_12_15/13_56_20_record/12152022_cohabitation_5546/cleversys/mergedVideo_minicam1.avi	3379.440	50.0	No focal subject	intromission	Affiliative		POINT	635.401	635.401	NA		
5546_1215_135620	2022-12-26 20:58:00	First hour of cohousing	C:/miniscopeData/5546/2022_12_15/13_56_20_record/12152022_cohabitation_5546/cleversys/mergedVideo_minicam1.avi	3379.440	50.0	No focal subject	intromission	Affiliative		POINT	637.926	637.926	NA		
5546_1215_135620	2022-12-26 20:58:00	First hour of cohousing	C:/miniscopeData/5546/2022_12_15/13_56_20_record/12152022_cohabitation_5546/cleversys/mergedVideo_minicam1.avi	3379.440	50.0	No focal subject	intromission	Affiliative		POINT	640.776	640.776	NA		
5546_1215_135620	2022-12-26 20:58:00	First hour of cohousing	C:/miniscopeData/5546/2022_12_15/13_56_20_record/12152022_cohabitation_5546/cleversys/mergedVideo_minicam1.avi	3379.440	50.0	No focal subject	intromission	Affiliative		POINT	642.726	642.726	NA		
5546_1215_135620	2022-12-26 20:58:00	First hour of cohousing	C:/miniscopeData/5546/2022_12_15/13_56_20_record/12152022_cohabitation_5546/cleversys/mergedVideo_minicam1.avi	3379.440	50.0	No focal subject	intromission	Affiliative		POINT	645.350	645.350	NA		
5546_1215_135620	2022-12-26 20:58:00	First hour of cohousing	C:/miniscopeData/5546/2022_12_15/13_56_20_record/12152022_cohabitation_5546/cleversys/mergedVideo_minicam1.avi	3379.440	50.0	No focal subject	intromission	Affiliative		POINT	648.125	648.125	NA		
5546_1215_135620	2022-12-26 20:58:00	First hour of cohousing	C:/miniscopeData/5546/2022_12_15/13_56_20_record/12152022_cohabitation_5546/cleversys/mergedVideo_minicam1.avi	3379.440	50.0	No focal subject	intromission	Affiliative		POINT	650.825	650.825	NA		
5546_1215_135620	2022-12-26 20:58:00	First hour of cohousing	C:/miniscopeData/5546/2022_12_15/13_56_20_record/12152022_cohabitation_5546/cleversys/mergedVideo_minicam1.avi	3379.440	50.0	No focal subject	intromission	Affiliative		POINT	653.326	653.326	NA		
5546_1215_135620	2022-12-26 20:58:00	First hour of cohousing	C:/miniscopeData/5546/2022_12_15/13_56_20_record/12152022_cohabitation_5546/cleversys/mergedVideo_minicam1.avi	3379.440	50.0	No focal subject	intromission	Affiliative		POINT	656.001	656.001	NA		
5546_1215_135620	2022-12-26 20:58:00	First hour of cohousing	C:/miniscopeData/5546/2022_12_15/13_56_20_record/12152022_cohabitation_5546/cleversys/mergedVideo_minicam1.avi	3379.440	50.0	No focal subject	intromission	Affiliative		POINT	656.926	656.926	NA		
5546_1215_135620	2022-12-26 20:58:00	First hour of cohousing	C:/miniscopeData/5546/2022_12_15/13_56_20_record/12152022_cohabitation_5546/cleversys/mergedVideo_minicam1.avi	3379.440	50.0	No focal subject	ejaculation	Affiliative		POINT	658.745	658.745	NA		
5546_1215_135620	2022-12-26 20:58:00	First hour of cohousing	C:/miniscopeData/5546/2022_12_15/13_56_20_record/12152022_cohabitation_5546/cleversys/mergedVideo_minicam1.avi	3379.440	50.0	No focal subject	grooming	Affiliative	Grooming self	STATE	659.520	663.821	4.301		
5546_1215_135620	2022-12-26 20:58:00	First hour of cohousing	C:/miniscopeData/5546/2022_12_15/13_56_20_record/12152022_cohabitation_5546/cleversys/mergedVideo_minicam1.avi	3379.440	50.0	No focal subject	noncontact investigation	Investigation	Receiving	STATE	659.520	663.345	3.825		
5546_1215_135620	2022-12-26 20:58:00	First hour of cohousing	C:/miniscopeData/5546/2022_12_15/13_56_20_record/12152022_cohabitation_5546/cleversys/mergedVideo_minicam1.avi	3379.440	50.0	No focal subject	grooming	Affiliative	Grooming self	STATE	665.246	667.171	1.925		
5546_1215_135620	2022-12-26 20:58:00	First hour of cohousing	C:/miniscopeData/5546/2022_12_15/13_56_20_record/12152022_cohabitation_5546/cleversys/mergedVideo_minicam1.avi	3379.440	50.0	No focal subject	noncontact investigation	Investigation	Initiating	STATE	668.171	670.145	1.974		
5546_1215_135620	2022-12-26 20:58:00	First hour of cohousing	C:/miniscopeData/5546/2022_12_15/13_56_20_record/12152022_cohabitation_5546/cleversys/mergedVideo_minicam1.avi	3379.440	50.0	No focal subject	lunge or bite	Aggressive		POINT	669.220	669.220	NA		
5546_1215_135620	2022-12-26 20:58:00	First hour of cohousing	C:/miniscopeData/5546/2022_12_15/13_56_20_record/12152022_cohabitation_5546/cleversys/mergedVideo_minicam1.avi	3379.440	50.0	No focal subject	noncontact investigation	Investigation	Initiating	STATE	674.795	676.021	1.226		
5546_1215_135620	2022-12-26 20:58:00	First hour of cohousing	C:/miniscopeData/5546/2022_12_15/13_56_20_record/12152022_cohabitation_5546/cleversys/mergedVideo_minicam1.avi	3379.440	50.0	No focal subject	mount	Affiliative		POINT	676.021	676.021	NA		
5546_1215_135620	2022-12-26 20:58:00	First hour of cohousing	C:/miniscopeData/5546/2022_12_15/13_56_20_record/12152022_cohabitation_5546/cleversys/mergedVideo_minicam1.avi	3379.440	50.0	No focal subject	intromission	Affiliative		POINT	676.221	676.221	NA		
5546_1215_135620	2022-12-26 20:58:00	First hour of cohousing	C:/miniscopeData/5546/2022_12_15/13_56_20_record/12152022_cohabitation_5546/cleversys/mergedVideo_minicam1.avi	3379.440	50.0	No focal subject	intromission	Affiliative		POINT	678.521	678.521	NA		
5546_1215_135620	2022-12-26 20:58:00	First hour of cohousing	C:/miniscopeData/5546/2022_12_15/13_56_20_record/12152022_cohabitation_5546/cleversys/mergedVideo_minicam1.avi	3379.440	50.0	No focal subject	intromission	Affiliative		POINT	679.821	679.821	NA		
5546_1215_135620	2022-12-26 20:58:00	First hour of cohousing	C:/miniscopeData/5546/2022_12_15/13_56_20_record/12152022_cohabitation_5546/cleversys/mergedVideo_minicam1.avi	3379.440	50.0	No focal subject	intromission	Affiliative		POINT	681.596	681.596	NA		
5546_1215_135620	2022-12-26 20:58:00	First hour of cohousing	C:/miniscopeData/5546/2022_12_15/13_56_20_record/12152022_cohabitation_5546/cleversys/mergedVideo_minicam1.avi	3379.440	50.0	No focal subject	intromission	Affiliative		POINT	683.671	683.671	NA		
5546_1215_135620	2022-12-26 20:58:00	First hour of cohousing	C:/miniscopeData/5546/2022_12_15/13_56_20_record/12152022_cohabitation_5546/cleversys/mergedVideo_minicam1.avi	3379.440	50.0	No focal subject	intromission	Affiliative		POINT	685.671	685.671	NA		
5546_1215_135620	2022-12-26 20:58:00	First hour of cohousing	C:/miniscopeData/5546/2022_12_15/13_56_20_record/12152022_cohabitation_5546/cleversys/mergedVideo_minicam1.avi	3379.440	50.0	No focal subject	intromission	Affiliative		POINT	687.696	687.696	NA		
5546_1215_135620	2022-12-26 20:58:00	First hour of cohousing	C:/miniscopeData/5546/2022_12_15/13_56_20_record/12152022_cohabitation_5546/cleversys/mergedVideo_minicam1.avi	3379.440	50.0	No focal subject	intromission	Affiliative		POINT	689.820	689.820	NA		
5546_1215_135620	2022-12-26 20:58:00	First hour of cohousing	C:/miniscopeData/5546/2022_12_15/13_56_20_record/12152022_cohabitation_5546/cleversys/mergedVideo_minicam1.avi	3379.440	50.0	No focal subject	intromission	Affiliative		POINT	691.846	691.846	NA		
5546_1215_135620	2022-12-26 20:58:00	First hour of cohousing	C:/miniscopeData/5546/2022_12_15/13_56_20_record/12152022_cohabitation_5546/cleversys/mergedVideo_minicam1.avi	3379.440	50.0	No focal subject	intromission	Affiliative		POINT	693.970	693.970	NA		
5546_1215_135620	2022-12-26 20:58:00	First hour of cohousing	C:/miniscopeData/5546/2022_12_15/13_56_20_record/12152022_cohabitation_5546/cleversys/mergedVideo_minicam1.avi	3379.440	50.0	No focal subject	ejaculation	Affiliative		POINT	703.270	703.270	NA		
5546_1215_135620	2022-12-26 20:58:00	First hour of cohousing	C:/miniscopeData/5546/2022_12_15/13_56_20_record/12152022_cohabitation_5546/cleversys/mergedVideo_minicam1.avi	3379.440	50.0	No focal subject	grooming	Affiliative	Grooming self	STATE	710.246	721.045	10.799		
5546_1215_135620	2022-12-26 20:58:00	First hour of cohousing	C:/miniscopeData/5546/2022_12_15/13_56_20_record/12152022_cohabitation_5546/cleversys/mergedVideo_minicam1.avi	3379.440	50.0	No focal subject	grooming	Affiliative	Grooming self	STATE	746.620	748.170	1.550		
5546_1215_135620	2022-12-26 20:58:00	First hour of cohousing	C:/miniscopeData/5546/2022_12_15/13_56_20_record/12152022_cohabitation_5546/cleversys/mergedVideo_minicam1.avi	3379.440	50.0	No focal subject	noncontact investigation	Investigation	Initiating	STATE	753.020	758.870	5.850		
5546_1215_135620	2022-12-26 20:58:00	First hour of cohousing	C:/miniscopeData/5546/2022_12_15/13_56_20_record/12152022_cohabitation_5546/cleversys/mergedVideo_minicam1.avi	3379.440	50.0	No focal subject	noncontact investigation	Investigation	Both	STATE	788.840	794.860	6.020		
5546_1215_135620	2022-12-26 20:58:00	First hour of cohousing	C:/miniscopeData/5546/2022_12_15/13_56_20_record/12152022_cohabitation_5546/cleversys/mergedVideo_minicam1.avi	3379.440	50.0	No focal subject	noncontact investigation	Investigation	Both	STATE	804.120	805.900	1.780		
5546_1215_135620	2022-12-26 20:58:00	First hour of cohousing	C:/miniscopeData/5546/2022_12_15/13_56_20_record/12152022_cohabitation_5546/cleversys/mergedVideo_minicam1.avi	3379.440	50.0	No focal subject	grooming	Affiliative	Grooming self	STATE	811.080	813.900	2.820		
5546_1215_135620	2022-12-26 20:58:00	First hour of cohousing	C:/miniscopeData/5546/2022_12_15/13_56_20_record/12152022_cohabitation_5546/cleversys/mergedVideo_minicam1.avi	3379.440	50.0	No focal subject	noncontact investigation	Investigation	Both	STATE	848.480	850.460	1.980		
5546_1215_135620	2022-12-26 20:58:00	First hour of cohousing	C:/miniscopeData/5546/2022_12_15/13_56_20_record/12152022_cohabitation_5546/cleversys/mergedVideo_minicam1.avi	3379.440	50.0	No focal subject	grooming	Affiliative	Grooming self	STATE	866.980	882.320	15.340		
5546_1215_135620	2022-12-26 20:58:00	First hour of cohousing	C:/miniscopeData/5546/2022_12_15/13_56_20_record/12152022_cohabitation_5546/cleversys/mergedVideo_minicam1.avi	3379.440	50.0	No focal subject	noncontact investigation	Investigation	Initiating	STATE	900.520	901.740	1.220		
5546_1215_135620	2022-12-26 20:58:00	First hour of cohousing	C:/miniscopeData/5546/2022_12_15/13_56_20_record/12152022_cohabitation_5546/cleversys/mergedVideo_minicam1.avi	3379.440	50.0	No focal subject	lunge or bite	Aggressive		POINT	901.740	901.740	NA		
5546_1215_135620	2022-12-26 20:58:00	First hour of cohousing	C:/miniscopeData/5546/2022_12_15/13_56_20_record/12152022_cohabitation_5546/cleversys/mergedVideo_minicam1.avi	3379.440	50.0	No focal subject	noncontact investigation	Investigation	Initiating	STATE	909.600	913.900	4.300		
5546_1215_135620	2022-12-26 20:58:00	First hour of cohousing	C:/miniscopeData/5546/2022_12_15/13_56_20_record/12152022_cohabitation_5546/cleversys/mergedVideo_minicam1.avi	3379.440	50.0	No focal subject	grooming	Affiliative	Grooming self	STATE	922.100	926.120	4.020		
5546_1215_135620	2022-12-26 20:58:00	First hour of cohousing	C:/miniscopeData/5546/2022_12_15/13_56_20_record/12152022_cohabitation_5546/cleversys/mergedVideo_minicam1.avi	3379.440	50.0	No focal subject	noncontact investigation	Investigation	Receiving	STATE	926.120	928.640	2.520		
5546_1215_135620	2022-12-26 20:58:00	First hour of cohousing	C:/miniscopeData/5546/2022_12_15/13_56_20_record/12152022_cohabitation_5546/cleversys/mergedVideo_minicam1.avi	3379.440	50.0	No focal subject	grooming	Affiliative	Grooming self	STATE	929.240	933.900	4.660		
5546_1215_135620	2022-12-26 20:58:00	First hour of cohousing	C:/miniscopeData/5546/2022_12_15/13_56_20_record/12152022_cohabitation_5546/cleversys/mergedVideo_minicam1.avi	3379.440	50.0	No focal subject	noncontact investigation	Investigation	Receiving	STATE	933.440	936.400	2.960		
5546_1215_135620	2022-12-26 20:58:00	First hour of cohousing	C:/miniscopeData/5546/2022_12_15/13_56_20_record/12152022_cohabitation_5546/cleversys/mergedVideo_minicam1.avi	3379.440	50.0	No focal subject	grooming	Affiliative	Grooming self	STATE	938.080	945.240	7.160		
5546_1215_135620	2022-12-26 20:58:00	First hour of cohousing	C:/miniscopeData/5546/2022_12_15/13_56_20_record/12152022_cohabitation_5546/cleversys/mergedVideo_minicam1.avi	3379.440	50.0	No focal subject	noncontact investigation	Investigation	Receiving	STATE	943.140	945.240	2.100		
5546_1215_135620	2022-12-26 20:58:00	First hour of cohousing	C:/miniscopeData/5546/2022_12_15/13_56_20_record/12152022_cohabitation_5546/cleversys/mergedVideo_minicam1.avi	3379.440	50.0	No focal subject	noncontact investigation	Investigation	Initiating	STATE	945.980	949.280	3.300		
5546_1215_135620	2022-12-26 20:58:00	First hour of cohousing	C:/miniscopeData/5546/2022_12_15/13_56_20_record/12152022_cohabitation_5546/cleversys/mergedVideo_minicam1.avi	3379.440	50.0	No focal subject	grooming	Affiliative	Grooming self	STATE	955.880	966.740	10.860		
5546_1215_135620	2022-12-26 20:58:00	First hour of cohousing	C:/miniscopeData/5546/2022_12_15/13_56_20_record/12152022_cohabitation_5546/cleversys/mergedVideo_minicam1.avi	3379.440	50.0	No focal subject	noncontact investigation	Investigation	Initiating	STATE	987.560	991.300	3.740		
5546_1215_135620	2022-12-26 20:58:00	First hour of cohousing	C:/miniscopeData/5546/2022_12_15/13_56_20_record/12152022_cohabitation_5546/cleversys/mergedVideo_minicam1.avi	3379.440	50.0	No focal subject	noncontact investigation	Investigation	Initiating	STATE	996.860	1000.040	3.180		
5546_1215_135620	2022-12-26 20:58:00	First hour of cohousing	C:/miniscopeData/5546/2022_12_15/13_56_20_record/12152022_cohabitation_5546/cleversys/mergedVideo_minicam1.avi	3379.440	50.0	No focal subject	grooming	Affiliative	Grooming self	STATE	1003.060	1011.400	8.340		
5546_1215_135620	2022-12-26 20:58:00	First hour of cohousing	C:/miniscopeData/5546/2022_12_15/13_56_20_record/12152022_cohabitation_5546/cleversys/mergedVideo_minicam1.avi	3379.440	50.0	No focal subject	grooming	Affiliative	Grooming self	STATE	1012.940	1023.880	10.940		
5546_1215_135620	2022-12-26 20:58:00	First hour of cohousing	C:/miniscopeData/5546/2022_12_15/13_56_20_record/12152022_cohabitation_5546/cleversys/mergedVideo_minicam1.avi	3379.440	50.0	No focal subject	noncontact investigation	Investigation	Receiving	STATE	1015.380	1022.160	6.780		
5546_1215_135620	2022-12-26 20:58:00	First hour of cohousing	C:/miniscopeData/5546/2022_12_15/13_56_20_record/12152022_cohabitation_5546/cleversys/mergedVideo_minicam1.avi	3379.440	50.0	No focal subject	grooming	Affiliative	Grooming self	STATE	1083.040	1090.000	6.960		
5546_1215_135620	2022-12-26 20:58:00	First hour of cohousing	C:/miniscopeData/5546/2022_12_15/13_56_20_record/12152022_cohabitation_5546/cleversys/mergedVideo_minicam1.avi	3379.440	50.0	No focal subject	noncontact investigation	Investigation	Initiating	STATE	1111.500	1113.120	1.620		
5546_1215_135620	2022-12-26 20:58:00	First hour of cohousing	C:/miniscopeData/5546/2022_12_15/13_56_20_record/12152022_cohabitation_5546/cleversys/mergedVideo_minicam1.avi	3379.440	50.0	No focal subject	noncontact investigation	Investigation	Receiving	STATE	1115.220	1119.200	3.980		
5546_1215_135620	2022-12-26 20:58:00	First hour of cohousing	C:/miniscopeData/5546/2022_12_15/13_56_20_record/12152022_cohabitation_5546/cleversys/mergedVideo_minicam1.avi	3379.440	50.0	No focal subject	boxing	Aggressive		POINT	1118.980	1118.980	NA		
5546_1215_135620	2022-12-26 20:58:00	First hour of cohousing	C:/miniscopeData/5546/2022_12_15/13_56_20_record/12152022_cohabitation_5546/cleversys/mergedVideo_minicam1.avi	3379.440	50.0	No focal subject	noncontact investigation	Investigation	Initiating	STATE	1130.180	1134.600	4.420		
5546_1215_135620	2022-12-26 20:58:00	First hour of cohousing	C:/miniscopeData/5546/2022_12_15/13_56_20_record/12152022_cohabitation_5546/cleversys/mergedVideo_minicam1.avi	3379.440	50.0	No focal subject	contact investigation	Affiliative	Initiating	STATE	1134.600	1135.100	0.500		
5546_1215_135620	2022-12-26 20:58:00	First hour of cohousing	C:/miniscopeData/5546/2022_12_15/13_56_20_record/12152022_cohabitation_5546/cleversys/mergedVideo_minicam1.avi	3379.440	50.0	No focal subject	noncontact investigation	Investigation	Receiving	STATE	1153.820	1157.060	3.240		
5546_1215_135620	2022-12-26 20:58:00	First hour of cohousing	C:/miniscopeData/5546/2022_12_15/13_56_20_record/12152022_cohabitation_5546/cleversys/mergedVideo_minicam1.avi	3379.440	50.0	No focal subject	noncontact investigation	Investigation	Initiating	STATE	1166.480	1172.000	5.520		
5546_1215_135620	2022-12-26 20:58:00	First hour of cohousing	C:/miniscopeData/5546/2022_12_15/13_56_20_record/12152022_cohabitation_5546/cleversys/mergedVideo_minicam1.avi	3379.440	50.0	No focal subject	noncontact investigation	Investigation	Receiving	STATE	1181.900	1183.900	2.000		
5546_1215_135620	2022-12-26 20:58:00	First hour of cohousing	C:/miniscopeData/5546/2022_12_15/13_56_20_record/12152022_cohabitation_5546/cleversys/mergedVideo_minicam1.avi	3379.440	50.0	No focal subject	grooming	Affiliative	Grooming self	STATE	1190.280	1196.860	6.580		
5546_1215_135620	2022-12-26 20:58:00	First hour of cohousing	C:/miniscopeData/5546/2022_12_15/13_56_20_record/12152022_cohabitation_5546/cleversys/mergedVideo_minicam1.avi	3379.440	50.0	No focal subject	grooming	Affiliative	Grooming self	STATE	1200.140	1203.200	3.060		
5546_1215_135620	2022-12-26 20:58:00	First hour of cohousing	C:/miniscopeData/5546/2022_12_15/13_56_20_record/12152022_cohabitation_5546/cleversys/mergedVideo_minicam1.avi	3379.440	50.0	No focal subject	grooming	Affiliative	Grooming self	STATE	1223.860	1225.160	1.300		
5546_1215_135620	2022-12-26 20:58:00	First hour of cohousing	C:/miniscopeData/5546/2022_12_15/13_56_20_record/12152022_cohabitation_5546/cleversys/mergedVideo_minicam1.avi	3379.440	50.0	No focal subject	noncontact investigation	Investigation	Initiating	STATE	1242.231	1249.530	7.299		
5546_1215_135620	2022-12-26 20:58:00	First hour of cohousing	C:/miniscopeData/5546/2022_12_15/13_56_20_record/12152022_cohabitation_5546/cleversys/mergedVideo_minicam1.avi	3379.440	50.0	No focal subject	noncontact investigation	Investigation	Both	STATE	1301.420	1308.480	7.060		
5546_1215_135620	2022-12-26 20:58:00	First hour of cohousing	C:/miniscopeData/5546/2022_12_15/13_56_20_record/12152022_cohabitation_5546/cleversys/mergedVideo_minicam1.avi	3379.440	50.0	No focal subject	noncontact investigation	Investigation	Initiating	STATE	1327.600	1332.340	4.740		
5546_1215_135620	2022-12-26 20:58:00	First hour of cohousing	C:/miniscopeData/5546/2022_12_15/13_56_20_record/12152022_cohabitation_5546/cleversys/mergedVideo_minicam1.avi	3379.440	50.0	No focal subject	contact investigation	Affiliative	Initiating	STATE	1332.340	1335.140	2.800		
5546_1215_135620	2022-12-26 20:58:00	First hour of cohousing	C:/miniscopeData/5546/2022_12_15/13_56_20_record/12152022_cohabitation_5546/cleversys/mergedVideo_minicam1.avi	3379.440	50.0	No focal subject	noncontact investigation	Investigation	Initiating	STATE	1338.560	1344.940	6.380		
5546_1215_135620	2022-12-26 20:58:00	First hour of cohousing	C:/miniscopeData/5546/2022_12_15/13_56_20_record/12152022_cohabitation_5546/cleversys/mergedVideo_minicam1.avi	3379.440	50.0	No focal subject	grooming	Affiliative	Grooming self	STATE	1350.020	1353.540	3.520		
5546_1215_135620	2022-12-26 20:58:00	First hour of cohousing	C:/miniscopeData/5546/2022_12_15/13_56_20_record/12152022_cohabitation_5546/cleversys/mergedVideo_minicam1.avi	3379.440	50.0	No focal subject	grooming	Affiliative	Grooming self	STATE	1366.940	1376.680	9.740		
5546_1215_135620	2022-12-26 20:58:00	First hour of cohousing	C:/miniscopeData/5546/2022_12_15/13_56_20_record/12152022_cohabitation_5546/cleversys/mergedVideo_minicam1.avi	3379.440	50.0	No focal subject	noncontact investigation	Investigation	Receiving	STATE	1372.180	1375.340	3.160		
5546_1215_135620	2022-12-26 20:58:00	First hour of cohousing	C:/miniscopeData/5546/2022_12_15/13_56_20_record/12152022_cohabitation_5546/cleversys/mergedVideo_minicam1.avi	3379.440	50.0	No focal subject	noncontact investigation	Investigation	Receiving	STATE	1376.400	1379.800	3.400		
5546_1215_135620	2022-12-26 20:58:00	First hour of cohousing	C:/miniscopeData/5546/2022_12_15/13_56_20_record/12152022_cohabitation_5546/cleversys/mergedVideo_minicam1.avi	3379.440	50.0	No focal subject	noncontact investigation	Investigation	Initiating	STATE	1447.280	1449.780	2.500		
5546_1215_135620	2022-12-26 20:58:00	First hour of cohousing	C:/miniscopeData/5546/2022_12_15/13_56_20_record/12152022_cohabitation_5546/cleversys/mergedVideo_minicam1.avi	3379.440	50.0	No focal subject	lunge or bite	Aggressive		POINT	1470.140	1470.140	NA		
5546_1215_135620	2022-12-26 20:58:00	First hour of cohousing	C:/miniscopeData/5546/2022_12_15/13_56_20_record/12152022_cohabitation_5546/cleversys/mergedVideo_minicam1.avi	3379.440	50.0	No focal subject	lunge or bite	Aggressive		POINT	1470.860	1470.860	NA		
5546_1215_135620	2022-12-26 20:58:00	First hour of cohousing	C:/miniscopeData/5546/2022_12_15/13_56_20_record/12152022_cohabitation_5546/cleversys/mergedVideo_minicam1.avi	3379.440	50.0	No focal subject	noncontact investigation	Investigation	Initiating	STATE	1488.300	1496.940	8.640		
5546_1215_135620	2022-12-26 20:58:00	First hour of cohousing	C:/miniscopeData/5546/2022_12_15/13_56_20_record/12152022_cohabitation_5546/cleversys/mergedVideo_minicam1.avi	3379.440	50.0	No focal subject	noncontact investigation	Investigation	Initiating	STATE	1501.400	1505.340	3.940		
5546_1215_135620	2022-12-26 20:58:00	First hour of cohousing	C:/miniscopeData/5546/2022_12_15/13_56_20_record/12152022_cohabitation_5546/cleversys/mergedVideo_minicam1.avi	3379.440	50.0	No focal subject	noncontact investigation	Investigation	Initiating	STATE	1514.480	1520.840	6.360		
5546_1215_135620	2022-12-26 20:58:00	First hour of cohousing	C:/miniscopeData/5546/2022_12_15/13_56_20_record/12152022_cohabitation_5546/cleversys/mergedVideo_minicam1.avi	3379.440	50.0	No focal subject	noncontact investigation	Investigation	Both	STATE	1522.440	1523.600	1.160		
5546_1215_135620	2022-12-26 20:58:00	First hour of cohousing	C:/miniscopeData/5546/2022_12_15/13_56_20_record/12152022_cohabitation_5546/cleversys/mergedVideo_minicam1.avi	3379.440	50.0	No focal subject	noncontact investigation	Investigation	Initiating	STATE	1533.880	1538.740	4.860		
5546_1215_135620	2022-12-26 20:58:00	First hour of cohousing	C:/miniscopeData/5546/2022_12_15/13_56_20_record/12152022_cohabitation_5546/cleversys/mergedVideo_minicam1.avi	3379.440	50.0	No focal subject	noncontact investigation	Investigation	Receiving	STATE	1555.500	1557.040	1.540		
5546_1215_135620	2022-12-26 20:58:00	First hour of cohousing	C:/miniscopeData/5546/2022_12_15/13_56_20_record/12152022_cohabitation_5546/cleversys/mergedVideo_minicam1.avi	3379.440	50.0	No focal subject	noncontact investigation	Investigation	Initiating	STATE	1587.500	1601.580	14.080		
5546_1215_135620	2022-12-26 20:58:00	First hour of cohousing	C:/miniscopeData/5546/2022_12_15/13_56_20_record/12152022_cohabitation_5546/cleversys/mergedVideo_minicam1.avi	3379.440	50.0	No focal subject	noncontact investigation	Investigation	Initiating	STATE	1611.400	1615.040	3.640		
5546_1215_135620	2022-12-26 20:58:00	First hour of cohousing	C:/miniscopeData/5546/2022_12_15/13_56_20_record/12152022_cohabitation_5546/cleversys/mergedVideo_minicam1.avi	3379.440	50.0	No focal subject	noncontact investigation	Investigation	Initiating	STATE	1622.360	1625.060	2.700		
5546_1215_135620	2022-12-26 20:58:00	First hour of cohousing	C:/miniscopeData/5546/2022_12_15/13_56_20_record/12152022_cohabitation_5546/cleversys/mergedVideo_minicam1.avi	3379.440	50.0	No focal subject	grooming	Affiliative	Grooming self	STATE	1627.780	1633.340	5.560		
5546_1215_135620	2022-12-26 20:58:00	First hour of cohousing	C:/miniscopeData/5546/2022_12_15/13_56_20_record/12152022_cohabitation_5546/cleversys/mergedVideo_minicam1.avi	3379.440	50.0	No focal subject	grooming	Affiliative	Grooming self	STATE	1655.620	1659.060	3.440		
5546_1215_135620	2022-12-26 20:58:00	First hour of cohousing	C:/miniscopeData/5546/2022_12_15/13_56_20_record/12152022_cohabitation_5546/cleversys/mergedVideo_minicam1.avi	3379.440	50.0	No focal subject	grooming	Affiliative	Grooming self	STATE	1661.300	1666.600	5.300		
5546_1215_135620	2022-12-26 20:58:00	First hour of cohousing	C:/miniscopeData/5546/2022_12_15/13_56_20_record/12152022_cohabitation_5546/cleversys/mergedVideo_minicam1.avi	3379.440	50.0	No focal subject	noncontact investigation	Investigation	Receiving	STATE	1679.800	1684.980	5.180		
5546_1215_135620	2022-12-26 20:58:00	First hour of cohousing	C:/miniscopeData/5546/2022_12_15/13_56_20_record/12152022_cohabitation_5546/cleversys/mergedVideo_minicam1.avi	3379.440	50.0	No focal subject	noncontact investigation	Investigation	Receiving	STATE	1685.960	1688.680	2.720		
5546_1215_135620	2022-12-26 20:58:00	First hour of cohousing	C:/miniscopeData/5546/2022_12_15/13_56_20_record/12152022_cohabitation_5546/cleversys/mergedVideo_minicam1.avi	3379.440	50.0	No focal subject	noncontact investigation	Investigation	Receiving	STATE	1690.840	1694.140	3.300		
5546_1215_135620	2022-12-26 20:58:00	First hour of cohousing	C:/miniscopeData/5546/2022_12_15/13_56_20_record/12152022_cohabitation_5546/cleversys/mergedVideo_minicam1.avi	3379.440	50.0	No focal subject	noncontact investigation	Investigation	Receiving	STATE	1700.180	1704.580	4.400		
5546_1215_135620	2022-12-26 20:58:00	First hour of cohousing	C:/miniscopeData/5546/2022_12_15/13_56_20_record/12152022_cohabitation_5546/cleversys/mergedVideo_minicam1.avi	3379.440	50.0	No focal subject	noncontact investigation	Investigation	Initiating	STATE	1717.880	1720.680	2.800		
5546_1215_135620	2022-12-26 20:58:00	First hour of cohousing	C:/miniscopeData/5546/2022_12_15/13_56_20_record/12152022_cohabitation_5546/cleversys/mergedVideo_minicam1.avi	3379.440	50.0	No focal subject	noncontact investigation	Investigation	Initiating	STATE	1736.080	1737.620	1.540		
5546_1215_135620	2022-12-26 20:58:00	First hour of cohousing	C:/miniscopeData/5546/2022_12_15/13_56_20_record/12152022_cohabitation_5546/cleversys/mergedVideo_minicam1.avi	3379.440	50.0	No focal subject	grooming	Affiliative	Grooming self	STATE	1741.960	1760.040	18.080		
5546_1215_135620	2022-12-26 20:58:00	First hour of cohousing	C:/miniscopeData/5546/2022_12_15/13_56_20_record/12152022_cohabitation_5546/cleversys/mergedVideo_minicam1.avi	3379.440	50.0	No focal subject	grooming	Affiliative	Grooming self	STATE	1766.760	1768.540	1.780		
5546_1215_135620	2022-12-26 20:58:00	First hour of cohousing	C:/miniscopeData/5546/2022_12_15/13_56_20_record/12152022_cohabitation_5546/cleversys/mergedVideo_minicam1.avi	3379.440	50.0	No focal subject	grooming	Affiliative	Grooming self	STATE	1783.140	1786.360	3.220		
5546_1215_135620	2022-12-26 20:58:00	First hour of cohousing	C:/miniscopeData/5546/2022_12_15/13_56_20_record/12152022_cohabitation_5546/cleversys/mergedVideo_minicam1.avi	3379.440	50.0	No focal subject	grooming	Affiliative	Grooming self	STATE	1788.520	1812.860	24.340		
5546_1215_135620	2022-12-26 20:58:00	First hour of cohousing	C:/miniscopeData/5546/2022_12_15/13_56_20_record/12152022_cohabitation_5546/cleversys/mergedVideo_minicam1.avi	3379.440	50.0	No focal subject	grooming	Affiliative	Grooming self	STATE	1813.500	1816.360	2.860		
5546_1215_135620	2022-12-26 20:58:00	First hour of cohousing	C:/miniscopeData/5546/2022_12_15/13_56_20_record/12152022_cohabitation_5546/cleversys/mergedVideo_minicam1.avi	3379.440	50.0	No focal subject	grooming	Affiliative	Grooming self	STATE	1828.280	1832.000	3.720		
5546_1215_135620	2022-12-26 20:58:00	First hour of cohousing	C:/miniscopeData/5546/2022_12_15/13_56_20_record/12152022_cohabitation_5546/cleversys/mergedVideo_minicam1.avi	3379.440	50.0	No focal subject	noncontact investigation	Investigation	Initiating	STATE	1876.200	1891.100	14.900		
5546_1215_135620	2022-12-26 20:58:00	First hour of cohousing	C:/miniscopeData/5546/2022_12_15/13_56_20_record/12152022_cohabitation_5546/cleversys/mergedVideo_minicam1.avi	3379.440	50.0	No focal subject	noncontact investigation	Investigation	Receiving	STATE	1897.740	1900.620	2.880		
5546_1215_135620	2022-12-26 20:58:00	First hour of cohousing	C:/miniscopeData/5546/2022_12_15/13_56_20_record/12152022_cohabitation_5546/cleversys/mergedVideo_minicam1.avi	3379.440	50.0	No focal subject	lunge or bite	Aggressive		POINT	1912.940	1912.940	NA		
5546_1215_135620	2022-12-26 20:58:00	First hour of cohousing	C:/miniscopeData/5546/2022_12_15/13_56_20_record/12152022_cohabitation_5546/cleversys/mergedVideo_minicam1.avi	3379.440	50.0	No focal subject	noncontact investigation	Investigation	Initiating	STATE	1916.980	1919.140	2.160		
5546_1215_135620	2022-12-26 20:58:00	First hour of cohousing	C:/miniscopeData/5546/2022_12_15/13_56_20_record/12152022_cohabitation_5546/cleversys/mergedVideo_minicam1.avi	3379.440	50.0	No focal subject	noncontact investigation	Investigation	Both	STATE	1939.800	1941.720	1.920		
5546_1215_135620	2022-12-26 20:58:00	First hour of cohousing	C:/miniscopeData/5546/2022_12_15/13_56_20_record/12152022_cohabitation_5546/cleversys/mergedVideo_minicam1.avi	3379.440	50.0	No focal subject	noncontact investigation	Investigation	Receiving	STATE	1949.380	1952.900	3.520		
5546_1215_135620	2022-12-26 20:58:00	First hour of cohousing	C:/miniscopeData/5546/2022_12_15/13_56_20_record/12152022_cohabitation_5546/cleversys/mergedVideo_minicam1.avi	3379.440	50.0	No focal subject	noncontact investigation	Investigation	Initiating	STATE	1954.920	1959.500	4.580		
5546_1215_135620	2022-12-26 20:58:00	First hour of cohousing	C:/miniscopeData/5546/2022_12_15/13_56_20_record/12152022_cohabitation_5546/cleversys/mergedVideo_minicam1.avi	3379.440	50.0	No focal subject	grooming	Affiliative	Grooming self	STATE	1966.340	1967.840	1.500		
5546_1215_135620	2022-12-26 20:58:00	First hour of cohousing	C:/miniscopeData/5546/2022_12_15/13_56_20_record/12152022_cohabitation_5546/cleversys/mergedVideo_minicam1.avi	3379.440	50.0	No focal subject	grooming	Affiliative	Grooming self	STATE	1973.860	1975.500	1.640		
5546_1215_135620	2022-12-26 20:58:00	First hour of cohousing	C:/miniscopeData/5546/2022_12_15/13_56_20_record/12152022_cohabitation_5546/cleversys/mergedVideo_minicam1.avi	3379.440	50.0	No focal subject	noncontact investigation	Investigation	Receiving	STATE	1995.920	1998.760	2.840		
5546_1215_135620	2022-12-26 20:58:00	First hour of cohousing	C:/miniscopeData/5546/2022_12_15/13_56_20_record/12152022_cohabitation_5546/cleversys/mergedVideo_minicam1.avi	3379.440	50.0	No focal subject	noncontact investigation	Investigation	Initiating	STATE	2028.280	2029.980	1.700		
5546_1215_135620	2022-12-26 20:58:00	First hour of cohousing	C:/miniscopeData/5546/2022_12_15/13_56_20_record/12152022_cohabitation_5546/cleversys/mergedVideo_minicam1.avi	3379.440	50.0	No focal subject	noncontact investigation	Investigation	Initiating	STATE	2031.080	2032.300	1.220		
5546_1215_135620	2022-12-26 20:58:00	First hour of cohousing	C:/miniscopeData/5546/2022_12_15/13_56_20_record/12152022_cohabitation_5546/cleversys/mergedVideo_minicam1.avi	3379.440	50.0	No focal subject	food (eating			STATE	2041.340	2044.360	3.020		
5546_1215_135620	2022-12-26 20:58:00	First hour of cohousing	C:/miniscopeData/5546/2022_12_15/13_56_20_record/12152022_cohabitation_5546/cleversys/mergedVideo_minicam1.avi	3379.440	50.0	No focal subject	noncontact investigation	Investigation	Both	STATE	2123.820	2130.600	6.780		
5546_1215_135620	2022-12-26 20:58:00	First hour of cohousing	C:/miniscopeData/5546/2022_12_15/13_56_20_record/12152022_cohabitation_5546/cleversys/mergedVideo_minicam1.avi	3379.440	50.0	No focal subject	contact investigation	Affiliative	Initiating	STATE	2130.600	2132.000	1.400		
5546_1215_135620	2022-12-26 20:58:00	First hour of cohousing	C:/miniscopeData/5546/2022_12_15/13_56_20_record/12152022_cohabitation_5546/cleversys/mergedVideo_minicam1.avi	3379.440	50.0	No focal subject	mount	Affiliative		POINT	2132.000	2132.000	NA		
5546_1215_135620	2022-12-26 20:58:00	First hour of cohousing	C:/miniscopeData/5546/2022_12_15/13_56_20_record/12152022_cohabitation_5546/cleversys/mergedVideo_minicam1.avi	3379.440	50.0	No focal subject	intromission	Affiliative		POINT	2132.100	2132.100	NA		
5546_1215_135620	2022-12-26 20:58:00	First hour of cohousing	C:/miniscopeData/5546/2022_12_15/13_56_20_record/12152022_cohabitation_5546/cleversys/mergedVideo_minicam1.avi	3379.440	50.0	No focal subject	intromission	Affiliative		POINT	2134.360	2134.360	NA		
5546_1215_135620	2022-12-26 20:58:00	First hour of cohousing	C:/miniscopeData/5546/2022_12_15/13_56_20_record/12152022_cohabitation_5546/cleversys/mergedVideo_minicam1.avi	3379.440	50.0	No focal subject	intromission	Affiliative		POINT	2135.360	2135.360	NA		
5546_1215_135620	2022-12-26 20:58:00	First hour of cohousing	C:/miniscopeData/5546/2022_12_15/13_56_20_record/12152022_cohabitation_5546/cleversys/mergedVideo_minicam1.avi	3379.440	50.0	No focal subject	intromission	Affiliative		POINT	2136.340	2136.340	NA		
5546_1215_135620	2022-12-26 20:58:00	First hour of cohousing	C:/miniscopeData/5546/2022_12_15/13_56_20_record/12152022_cohabitation_5546/cleversys/mergedVideo_minicam1.avi	3379.440	50.0	No focal subject	ejaculation	Affiliative		POINT	2136.440	2136.440	NA		
5546_1215_135620	2022-12-26 20:58:00	First hour of cohousing	C:/miniscopeData/5546/2022_12_15/13_56_20_record/12152022_cohabitation_5546/cleversys/mergedVideo_minicam1.avi	3379.440	50.0	No focal subject	noncontact investigation	Investigation	Initiating	STATE	2138.320	2141.140	2.820		
5546_1215_135620	2022-12-26 20:58:00	First hour of cohousing	C:/miniscopeData/5546/2022_12_15/13_56_20_record/12152022_cohabitation_5546/cleversys/mergedVideo_minicam1.avi	3379.440	50.0	No focal subject	noncontact investigation	Investigation	Initiating	STATE	2141.820	2143.840	2.020		
5546_1215_135620	2022-12-26 20:58:00	First hour of cohousing	C:/miniscopeData/5546/2022_12_15/13_56_20_record/12152022_cohabitation_5546/cleversys/mergedVideo_minicam1.avi	3379.440	50.0	No focal subject	noncontact investigation	Investigation	Initiating	STATE	2151.760	2154.040	2.280		
5546_1215_135620	2022-12-26 20:58:00	First hour of cohousing	C:/miniscopeData/5546/2022_12_15/13_56_20_record/12152022_cohabitation_5546/cleversys/mergedVideo_minicam1.avi	3379.440	50.0	No focal subject	noncontact investigation	Investigation	Initiating	STATE	2155.960	2157.340	1.380		
5546_1215_135620	2022-12-26 20:58:00	First hour of cohousing	C:/miniscopeData/5546/2022_12_15/13_56_20_record/12152022_cohabitation_5546/cleversys/mergedVideo_minicam1.avi	3379.440	50.0	No focal subject	noncontact investigation	Investigation	Initiating	STATE	2158.060	2161.360	3.300		
5546_1215_135620	2022-12-26 20:58:00	First hour of cohousing	C:/miniscopeData/5546/2022_12_15/13_56_20_record/12152022_cohabitation_5546/cleversys/mergedVideo_minicam1.avi	3379.440	50.0	No focal subject	mount	Affiliative		POINT	2162.200	2162.200	NA		
5546_1215_135620	2022-12-26 20:58:00	First hour of cohousing	C:/miniscopeData/5546/2022_12_15/13_56_20_record/12152022_cohabitation_5546/cleversys/mergedVideo_minicam1.avi	3379.440	50.0	No focal subject	intromission	Affiliative		POINT	2162.520	2162.520	NA		
5546_1215_135620	2022-12-26 20:58:00	First hour of cohousing	C:/miniscopeData/5546/2022_12_15/13_56_20_record/12152022_cohabitation_5546/cleversys/mergedVideo_minicam1.avi	3379.440	50.0	No focal subject	intromission	Affiliative		POINT	2165.980	2165.980	NA		
5546_1215_135620	2022-12-26 20:58:00	First hour of cohousing	C:/miniscopeData/5546/2022_12_15/13_56_20_record/12152022_cohabitation_5546/cleversys/mergedVideo_minicam1.avi	3379.440	50.0	No focal subject	intromission	Affiliative		POINT	2167.840	2167.840	NA		
5546_1215_135620	2022-12-26 20:58:00	First hour of cohousing	C:/miniscopeData/5546/2022_12_15/13_56_20_record/12152022_cohabitation_5546/cleversys/mergedVideo_minicam1.avi	3379.440	50.0	No focal subject	intromission	Affiliative		POINT	2169.640	2169.640	NA		
5546_1215_135620	2022-12-26 20:58:00	First hour of cohousing	C:/miniscopeData/5546/2022_12_15/13_56_20_record/12152022_cohabitation_5546/cleversys/mergedVideo_minicam1.avi	3379.440	50.0	No focal subject	intromission	Affiliative		POINT	2171.140	2171.140	NA		
5546_1215_135620	2022-12-26 20:58:00	First hour of cohousing	C:/miniscopeData/5546/2022_12_15/13_56_20_record/12152022_cohabitation_5546/cleversys/mergedVideo_minicam1.avi	3379.440	50.0	No focal subject	intromission	Affiliative		POINT	2173.200	2173.200	NA		
5546_1215_135620	2022-12-26 20:58:00	First hour of cohousing	C:/miniscopeData/5546/2022_12_15/13_56_20_record/12152022_cohabitation_5546/cleversys/mergedVideo_minicam1.avi	3379.440	50.0	No focal subject	intromission	Affiliative		POINT	2175.060	2175.060	NA		
5546_1215_135620	2022-12-26 20:58:00	First hour of cohousing	C:/miniscopeData/5546/2022_12_15/13_56_20_record/12152022_cohabitation_5546/cleversys/mergedVideo_minicam1.avi	3379.440	50.0	No focal subject	ejaculation	Affiliative		POINT	2176.880	2176.880	NA		
5546_1215_135620	2022-12-26 20:58:00	First hour of cohousing	C:/miniscopeData/5546/2022_12_15/13_56_20_record/12152022_cohabitation_5546/cleversys/mergedVideo_minicam1.avi	3379.440	50.0	No focal subject	grooming	Affiliative	Grooming self	STATE	2177.420	2183.280	5.860		
5546_1215_135620	2022-12-26 20:58:00	First hour of cohousing	C:/miniscopeData/5546/2022_12_15/13_56_20_record/12152022_cohabitation_5546/cleversys/mergedVideo_minicam1.avi	3379.440	50.0	No focal subject	noncontact investigation	Investigation	Initiating	STATE	2194.520	2196.980	2.460		
5546_1215_135620	2022-12-26 20:58:00	First hour of cohousing	C:/miniscopeData/5546/2022_12_15/13_56_20_record/12152022_cohabitation_5546/cleversys/mergedVideo_minicam1.avi	3379.440	50.0	No focal subject	mount	Affiliative		POINT	2196.980	2196.980	NA		
5546_1215_135620	2022-12-26 20:58:00	First hour of cohousing	C:/miniscopeData/5546/2022_12_15/13_56_20_record/12152022_cohabitation_5546/cleversys/mergedVideo_minicam1.avi	3379.440	50.0	No focal subject	intromission	Affiliative		POINT	2197.580	2197.580	NA		
5546_1215_135620	2022-12-26 20:58:00	First hour of cohousing	C:/miniscopeData/5546/2022_12_15/13_56_20_record/12152022_cohabitation_5546/cleversys/mergedVideo_minicam1.avi	3379.440	50.0	No focal subject	intromission	Affiliative		POINT	2199.440	2199.440	NA		
5546_1215_135620	2022-12-26 20:58:00	First hour of cohousing	C:/miniscopeData/5546/2022_12_15/13_56_20_record/12152022_cohabitation_5546/cleversys/mergedVideo_minicam1.avi	3379.440	50.0	No focal subject	intromission	Affiliative		POINT	2200.340	2200.340	NA		
5546_1215_135620	2022-12-26 20:58:00	First hour of cohousing	C:/miniscopeData/5546/2022_12_15/13_56_20_record/12152022_cohabitation_5546/cleversys/mergedVideo_minicam1.avi	3379.440	50.0	No focal subject	intromission	Affiliative		POINT	2202.300	2202.300	NA		
5546_1215_135620	2022-12-26 20:58:00	First hour of cohousing	C:/miniscopeData/5546/2022_12_15/13_56_20_record/12152022_cohabitation_5546/cleversys/mergedVideo_minicam1.avi	3379.440	50.0	No focal subject	intromission	Affiliative		POINT	2204.140	2204.140	NA		
5546_1215_135620	2022-12-26 20:58:00	First hour of cohousing	C:/miniscopeData/5546/2022_12_15/13_56_20_record/12152022_cohabitation_5546/cleversys/mergedVideo_minicam1.avi	3379.440	50.0	No focal subject	intromission	Affiliative		POINT	2206.020	2206.020	NA		
5546_1215_135620	2022-12-26 20:58:00	First hour of cohousing	C:/miniscopeData/5546/2022_12_15/13_56_20_record/12152022_cohabitation_5546/cleversys/mergedVideo_minicam1.avi	3379.440	50.0	No focal subject	intromission	Affiliative		POINT	2207.760	2207.760	NA		
5546_1215_135620	2022-12-26 20:58:00	First hour of cohousing	C:/miniscopeData/5546/2022_12_15/13_56_20_record/12152022_cohabitation_5546/cleversys/mergedVideo_minicam1.avi	3379.440	50.0	No focal subject	intromission	Affiliative		POINT	2209.720	2209.720	NA		
5546_1215_135620	2022-12-26 20:58:00	First hour of cohousing	C:/miniscopeData/5546/2022_12_15/13_56_20_record/12152022_cohabitation_5546/cleversys/mergedVideo_minicam1.avi	3379.440	50.0	No focal subject	intromission	Affiliative		POINT	2211.840	2211.840	NA		
5546_1215_135620	2022-12-26 20:58:00	First hour of cohousing	C:/miniscopeData/5546/2022_12_15/13_56_20_record/12152022_cohabitation_5546/cleversys/mergedVideo_minicam1.avi	3379.440	50.0	No focal subject	intromission	Affiliative		POINT	2213.940	2213.940	NA		
5546_1215_135620	2022-12-26 20:58:00	First hour of cohousing	C:/miniscopeData/5546/2022_12_15/13_56_20_record/12152022_cohabitation_5546/cleversys/mergedVideo_minicam1.avi	3379.440	50.0	No focal subject	intromission	Affiliative		POINT	2216.100	2216.100	NA		
5546_1215_135620	2022-12-26 20:58:00	First hour of cohousing	C:/miniscopeData/5546/2022_12_15/13_56_20_record/12152022_cohabitation_5546/cleversys/mergedVideo_minicam1.avi	3379.440	50.0	No focal subject	intromission	Affiliative		POINT	2218.400	2218.400	NA		
5546_1215_135620	2022-12-26 20:58:00	First hour of cohousing	C:/miniscopeData/5546/2022_12_15/13_56_20_record/12152022_cohabitation_5546/cleversys/mergedVideo_minicam1.avi	3379.440	50.0	No focal subject	ejaculation	Affiliative		POINT	2220.480	2220.480	NA		
5546_1215_135620	2022-12-26 20:58:00	First hour of cohousing	C:/miniscopeData/5546/2022_12_15/13_56_20_record/12152022_cohabitation_5546/cleversys/mergedVideo_minicam1.avi	3379.440	50.0	No focal subject	grooming	Affiliative	Grooming self	STATE	2221.320	2225.020	3.700		
5546_1215_135620	2022-12-26 20:58:00	First hour of cohousing	C:/miniscopeData/5546/2022_12_15/13_56_20_record/12152022_cohabitation_5546/cleversys/mergedVideo_minicam1.avi	3379.440	50.0	No focal subject	noncontact investigation	Investigation	Initiating	STATE	2225.120	2227.120	2.000		
5546_1215_135620	2022-12-26 20:58:00	First hour of cohousing	C:/miniscopeData/5546/2022_12_15/13_56_20_record/12152022_cohabitation_5546/cleversys/mergedVideo_minicam1.avi	3379.440	50.0	No focal subject	noncontact investigation	Investigation	Initiating	STATE	2228.100	2232.080	3.980		
5546_1215_135620	2022-12-26 20:58:00	First hour of cohousing	C:/miniscopeData/5546/2022_12_15/13_56_20_record/12152022_cohabitation_5546/cleversys/mergedVideo_minicam1.avi	3379.440	50.0	No focal subject	mount	Affiliative		POINT	2232.080	2232.080	NA		
5546_1215_135620	2022-12-26 20:58:00	First hour of cohousing	C:/miniscopeData/5546/2022_12_15/13_56_20_record/12152022_cohabitation_5546/cleversys/mergedVideo_minicam1.avi	3379.440	50.0	No focal subject	intromission	Affiliative		POINT	2232.380	2232.380	NA		
5546_1215_135620	2022-12-26 20:58:00	First hour of cohousing	C:/miniscopeData/5546/2022_12_15/13_56_20_record/12152022_cohabitation_5546/cleversys/mergedVideo_minicam1.avi	3379.440	50.0	No focal subject	intromission	Affiliative		POINT	2235.280	2235.280	NA		
5546_1215_135620	2022-12-26 20:58:00	First hour of cohousing	C:/miniscopeData/5546/2022_12_15/13_56_20_record/12152022_cohabitation_5546/cleversys/mergedVideo_minicam1.avi	3379.440	50.0	No focal subject	intromission	Affiliative		POINT	2237.140	2237.140	NA		
5546_1215_135620	2022-12-26 20:58:00	First hour of cohousing	C:/miniscopeData/5546/2022_12_15/13_56_20_record/12152022_cohabitation_5546/cleversys/mergedVideo_minicam1.avi	3379.440	50.0	No focal subject	intromission	Affiliative		POINT	2238.800	2238.800	NA		
5546_1215_135620	2022-12-26 20:58:00	First hour of cohousing	C:/miniscopeData/5546/2022_12_15/13_56_20_record/12152022_cohabitation_5546/cleversys/mergedVideo_minicam1.avi	3379.440	50.0	No focal subject	intromission	Affiliative		POINT	2240.680	2240.680	NA		
5546_1215_135620	2022-12-26 20:58:00	First hour of cohousing	C:/miniscopeData/5546/2022_12_15/13_56_20_record/12152022_cohabitation_5546/cleversys/mergedVideo_minicam1.avi	3379.440	50.0	No focal subject	intromission	Affiliative		POINT	2242.660	2242.660	NA		
5546_1215_135620	2022-12-26 20:58:00	First hour of cohousing	C:/miniscopeData/5546/2022_12_15/13_56_20_record/12152022_cohabitation_5546/cleversys/mergedVideo_minicam1.avi	3379.440	50.0	No focal subject	intromission	Affiliative		POINT	2244.380	2244.380	NA		
5546_1215_135620	2022-12-26 20:58:00	First hour of cohousing	C:/miniscopeData/5546/2022_12_15/13_56_20_record/12152022_cohabitation_5546/cleversys/mergedVideo_minicam1.avi	3379.440	50.0	No focal subject	intromission	Affiliative		POINT	2246.400	2246.400	NA		
5546_1215_135620	2022-12-26 20:58:00	First hour of cohousing	C:/miniscopeData/5546/2022_12_15/13_56_20_record/12152022_cohabitation_5546/cleversys/mergedVideo_minicam1.avi	3379.440	50.0	No focal subject	intromission	Affiliative		POINT	2248.580	2248.580	NA		
5546_1215_135620	2022-12-26 20:58:00	First hour of cohousing	C:/miniscopeData/5546/2022_12_15/13_56_20_record/12152022_cohabitation_5546/cleversys/mergedVideo_minicam1.avi	3379.440	50.0	No focal subject	intromission	Affiliative		POINT	2250.320	2250.320	NA		
5546_1215_135620	2022-12-26 20:58:00	First hour of cohousing	C:/miniscopeData/5546/2022_12_15/13_56_20_record/12152022_cohabitation_5546/cleversys/mergedVideo_minicam1.avi	3379.440	50.0	No focal subject	ejaculation	Affiliative		POINT	2258.320	2258.320	NA		
5546_1215_135620	2022-12-26 20:58:00	First hour of cohousing	C:/miniscopeData/5546/2022_12_15/13_56_20_record/12152022_cohabitation_5546/cleversys/mergedVideo_minicam1.avi	3379.440	50.0	No focal subject	grooming	Affiliative	Grooming self	STATE	2262.360	2267.220	4.860		
5546_1215_135620	2022-12-26 20:58:00	First hour of cohousing	C:/miniscopeData/5546/2022_12_15/13_56_20_record/12152022_cohabitation_5546/cleversys/mergedVideo_minicam1.avi	3379.440	50.0	No focal subject	grooming	Affiliative	Grooming self	STATE	2278.180	2285.240	7.060		
5546_1215_135620	2022-12-26 20:58:00	First hour of cohousing	C:/miniscopeData/5546/2022_12_15/13_56_20_record/12152022_cohabitation_5546/cleversys/mergedVideo_minicam1.avi	3379.440	50.0	No focal subject	grooming	Affiliative	Grooming self	STATE	2309.740	2317.180	7.440		
5546_1215_135620	2022-12-26 20:58:00	First hour of cohousing	C:/miniscopeData/5546/2022_12_15/13_56_20_record/12152022_cohabitation_5546/cleversys/mergedVideo_minicam1.avi	3379.440	50.0	No focal subject	noncontact investigation	Investigation	Initiating	STATE	2324.580	2326.580	2.000		
5546_1215_135620	2022-12-26 20:58:00	First hour of cohousing	C:/miniscopeData/5546/2022_12_15/13_56_20_record/12152022_cohabitation_5546/cleversys/mergedVideo_minicam1.avi	3379.440	50.0	No focal subject	grooming	Affiliative	Grooming self	STATE	2329.520	2344.120	14.600		
5546_1215_135620	2022-12-26 20:58:00	First hour of cohousing	C:/miniscopeData/5546/2022_12_15/13_56_20_record/12152022_cohabitation_5546/cleversys/mergedVideo_minicam1.avi	3379.440	50.0	No focal subject	grooming	Affiliative	Grooming self	STATE	2347.560	2383.180	35.620		
5546_1215_135620	2022-12-26 20:58:00	First hour of cohousing	C:/miniscopeData/5546/2022_12_15/13_56_20_record/12152022_cohabitation_5546/cleversys/mergedVideo_minicam1.avi	3379.440	50.0	No focal subject	noncontact investigation	Investigation	Initiating	STATE	2387.200	2398.100	10.900		
5546_1215_135620	2022-12-26 20:58:00	First hour of cohousing	C:/miniscopeData/5546/2022_12_15/13_56_20_record/12152022_cohabitation_5546/cleversys/mergedVideo_minicam1.avi	3379.440	50.0	No focal subject	noncontact investigation	Investigation	Initiating	STATE	2400.220	2404.000	3.780		
5546_1215_135620	2022-12-26 20:58:00	First hour of cohousing	C:/miniscopeData/5546/2022_12_15/13_56_20_record/12152022_cohabitation_5546/cleversys/mergedVideo_minicam1.avi	3379.440	50.0	No focal subject	noncontact investigation	Investigation	Receiving	STATE	2454.740	2457.600	2.860		
5546_1215_135620	2022-12-26 20:58:00	First hour of cohousing	C:/miniscopeData/5546/2022_12_15/13_56_20_record/12152022_cohabitation_5546/cleversys/mergedVideo_minicam1.avi	3379.440	50.0	No focal subject	grooming	Affiliative	Grooming self	STATE	2463.300	2466.480	3.180		
5546_1215_135620	2022-12-26 20:58:00	First hour of cohousing	C:/miniscopeData/5546/2022_12_15/13_56_20_record/12152022_cohabitation_5546/cleversys/mergedVideo_minicam1.avi	3379.440	50.0	No focal subject	grooming	Affiliative	Grooming self	STATE	2469.900	2477.940	8.040		
5546_1215_135620	2022-12-26 20:58:00	First hour of cohousing	C:/miniscopeData/5546/2022_12_15/13_56_20_record/12152022_cohabitation_5546/cleversys/mergedVideo_minicam1.avi	3379.440	50.0	No focal subject	lunge or bite	Aggressive		POINT	2479.100	2479.100	NA		
5546_1215_135620	2022-12-26 20:58:00	First hour of cohousing	C:/miniscopeData/5546/2022_12_15/13_56_20_record/12152022_cohabitation_5546/cleversys/mergedVideo_minicam1.avi	3379.440	50.0	No focal subject	noncontact investigation	Investigation	Initiating	STATE	2490.500	2497.420	6.920		
5546_1215_135620	2022-12-26 20:58:00	First hour of cohousing	C:/miniscopeData/5546/2022_12_15/13_56_20_record/12152022_cohabitation_5546/cleversys/mergedVideo_minicam1.avi	3379.440	50.0	No focal subject	noncontact investigation	Investigation	Receiving	STATE	2530.700	2540.960	10.260		
5546_1215_135620	2022-12-26 20:58:00	First hour of cohousing	C:/miniscopeData/5546/2022_12_15/13_56_20_record/12152022_cohabitation_5546/cleversys/mergedVideo_minicam1.avi	3379.440	50.0	No focal subject	noncontact investigation	Investigation	Receiving	STATE	2552.560	2555.320	2.760		
5546_1215_135620	2022-12-26 20:58:00	First hour of cohousing	C:/miniscopeData/5546/2022_12_15/13_56_20_record/12152022_cohabitation_5546/cleversys/mergedVideo_minicam1.avi	3379.440	50.0	No focal subject	noncontact investigation	Investigation	Receiving	STATE	2614.140	2620.240	6.100		
5546_1215_135620	2022-12-26 20:58:00	First hour of cohousing	C:/miniscopeData/5546/2022_12_15/13_56_20_record/12152022_cohabitation_5546/cleversys/mergedVideo_minicam1.avi	3379.440	50.0	No focal subject	noncontact investigation	Investigation	Receiving	STATE	2622.600	2626.480	3.880		
5546_1215_135620	2022-12-26 20:58:00	First hour of cohousing	C:/miniscopeData/5546/2022_12_15/13_56_20_record/12152022_cohabitation_5546/cleversys/mergedVideo_minicam1.avi	3379.440	50.0	No focal subject	noncontact investigation	Investigation	Receiving	STATE	2629.760	2723.119	93.359		
5546_1215_135620	2022-12-26 20:58:00	First hour of cohousing	C:/miniscopeData/5546/2022_12_15/13_56_20_record/12152022_cohabitation_5546/cleversys/mergedVideo_minicam1.avi	3379.440	50.0	No focal subject	grooming	Affiliative	Grooming self	STATE	2655.220	2658.700	3.480		
5546_1215_135620	2022-12-26 20:58:00	First hour of cohousing	C:/miniscopeData/5546/2022_12_15/13_56_20_record/12152022_cohabitation_5546/cleversys/mergedVideo_minicam1.avi	3379.440	50.0	No focal subject	lunge or bite	Aggressive		POINT	2702.680	2702.680	NA		
5546_1215_135620	2022-12-26 20:58:00	First hour of cohousing	C:/miniscopeData/5546/2022_12_15/13_56_20_record/12152022_cohabitation_5546/cleversys/mergedVideo_minicam1.avi	3379.440	50.0	No focal subject	noncontact investigation	Investigation	Initiating	STATE	2723.120	2728.420	5.300		
5546_1215_135620	2022-12-26 20:58:00	First hour of cohousing	C:/miniscopeData/5546/2022_12_15/13_56_20_record/12152022_cohabitation_5546/cleversys/mergedVideo_minicam1.avi	3379.440	50.0	No focal subject	lunge or bite	Aggressive		POINT	2728.060	2728.060	NA		
5546_1215_135620	2022-12-26 20:58:00	First hour of cohousing	C:/miniscopeData/5546/2022_12_15/13_56_20_record/12152022_cohabitation_5546/cleversys/mergedVideo_minicam1.avi	3379.440	50.0	No focal subject	noncontact investigation	Investigation	Initiating	STATE	2832.760	2834.720	1.960		
5546_1215_135620	2022-12-26 20:58:00	First hour of cohousing	C:/miniscopeData/5546/2022_12_15/13_56_20_record/12152022_cohabitation_5546/cleversys/mergedVideo_minicam1.avi	3379.440	50.0	No focal subject	grooming	Affiliative	Grooming self	STATE	2849.720	2852.900	3.180		
5546_1215_135620	2022-12-26 20:58:00	First hour of cohousing	C:/miniscopeData/5546/2022_12_15/13_56_20_record/12152022_cohabitation_5546/cleversys/mergedVideo_minicam1.avi	3379.440	50.0	No focal subject	noncontact investigation	Investigation	Receiving	STATE	2852.100	2855.100	3.000		
5546_1215_135620	2022-12-26 20:58:00	First hour of cohousing	C:/miniscopeData/5546/2022_12_15/13_56_20_record/12152022_cohabitation_5546/cleversys/mergedVideo_minicam1.avi	3379.440	50.0	No focal subject	grooming	Affiliative	Grooming self	STATE	2871.500	2876.620	5.120		
5546_1215_135620	2022-12-26 20:58:00	First hour of cohousing	C:/miniscopeData/5546/2022_12_15/13_56_20_record/12152022_cohabitation_5546/cleversys/mergedVideo_minicam1.avi	3379.440	50.0	No focal subject	grooming	Affiliative	Grooming self	STATE	2877.160	2879.180	2.020		
5546_1215_135620	2022-12-26 20:58:00	First hour of cohousing	C:/miniscopeData/5546/2022_12_15/13_56_20_record/12152022_cohabitation_5546/cleversys/mergedVideo_minicam1.avi	3379.440	50.0	No focal subject	noncontact investigation	Investigation	Initiating	STATE	2888.800	2899.360	10.560		
5546_1215_135620	2022-12-26 20:58:00	First hour of cohousing	C:/miniscopeData/5546/2022_12_15/13_56_20_record/12152022_cohabitation_5546/cleversys/mergedVideo_minicam1.avi	3379.440	50.0	No focal subject	grooming	Affiliative	Grooming self	STATE	2902.720	2919.760	17.040		
5546_1215_135620	2022-12-26 20:58:00	First hour of cohousing	C:/miniscopeData/5546/2022_12_15/13_56_20_record/12152022_cohabitation_5546/cleversys/mergedVideo_minicam1.avi	3379.440	50.0	No focal subject	noncontact investigation	Investigation	Initiating	STATE	2938.220	2940.460	2.240		
5546_1215_135620	2022-12-26 20:58:00	First hour of cohousing	C:/miniscopeData/5546/2022_12_15/13_56_20_record/12152022_cohabitation_5546/cleversys/mergedVideo_minicam1.avi	3379.440	50.0	No focal subject	noncontact investigation	Investigation	Initiating	STATE	2947.820	2953.260	5.440		
5546_1215_135620	2022-12-26 20:58:00	First hour of cohousing	C:/miniscopeData/5546/2022_12_15/13_56_20_record/12152022_cohabitation_5546/cleversys/mergedVideo_minicam1.avi	3379.440	50.0	No focal subject	noncontact investigation	Investigation	Initiating	STATE	2955.100	2962.100	7.000		
5546_1215_135620	2022-12-26 20:58:00	First hour of cohousing	C:/miniscopeData/5546/2022_12_15/13_56_20_record/12152022_cohabitation_5546/cleversys/mergedVideo_minicam1.avi	3379.440	50.0	No focal subject	noncontact investigation	Investigation	Initiating	STATE	2979.520	2984.760	5.240		
5546_1215_135620	2022-12-26 20:58:00	First hour of cohousing	C:/miniscopeData/5546/2022_12_15/13_56_20_record/12152022_cohabitation_5546/cleversys/mergedVideo_minicam1.avi	3379.440	50.0	No focal subject	noncontact investigation	Investigation	Initiating	STATE	3011.420	3013.560	2.140		
5546_1215_135620	2022-12-26 20:58:00	First hour of cohousing	C:/miniscopeData/5546/2022_12_15/13_56_20_record/12152022_cohabitation_5546/cleversys/mergedVideo_minicam1.avi	3379.440	50.0	No focal subject	noncontact investigation	Investigation	Receiving	STATE	3035.860	3038.720	2.860		
5546_1215_135620	2022-12-26 20:58:00	First hour of cohousing	C:/miniscopeData/5546/2022_12_15/13_56_20_record/12152022_cohabitation_5546/cleversys/mergedVideo_minicam1.avi	3379.440	50.0	No focal subject	noncontact investigation	Investigation	Receiving	STATE	3040.680	3045.540	4.860		
5546_1215_135620	2022-12-26 20:58:00	First hour of cohousing	C:/miniscopeData/5546/2022_12_15/13_56_20_record/12152022_cohabitation_5546/cleversys/mergedVideo_minicam1.avi	3379.440	50.0	No focal subject	noncontact investigation	Investigation	Receiving	STATE	3054.360	3058.380	4.020		
5546_1215_135620	2022-12-26 20:58:00	First hour of cohousing	C:/miniscopeData/5546/2022_12_15/13_56_20_record/12152022_cohabitation_5546/cleversys/mergedVideo_minicam1.avi	3379.440	50.0	No focal subject	noncontact investigation	Investigation	Initiating	STATE	3120.480	3122.440	1.960		
5546_1215_135620	2022-12-26 20:58:00	First hour of cohousing	C:/miniscopeData/5546/2022_12_15/13_56_20_record/12152022_cohabitation_5546/cleversys/mergedVideo_minicam1.avi	3379.440	50.0	No focal subject	noncontact investigation	Investigation	Initiating	STATE	3123.620	3128.020	4.400		
5546_1215_135620	2022-12-26 20:58:00	First hour of cohousing	C:/miniscopeData/5546/2022_12_15/13_56_20_record/12152022_cohabitation_5546/cleversys/mergedVideo_minicam1.avi	3379.440	50.0	No focal subject	noncontact investigation	Investigation	Both	STATE	3140.380	3142.000	1.620		
5546_1215_135620	2022-12-26 20:58:00	First hour of cohousing	C:/miniscopeData/5546/2022_12_15/13_56_20_record/12152022_cohabitation_5546/cleversys/mergedVideo_minicam1.avi	3379.440	50.0	No focal subject	noncontact investigation	Investigation	Receiving	STATE	3147.440	3155.360	7.920		
5546_1215_135620	2022-12-26 20:58:00	First hour of cohousing	C:/miniscopeData/5546/2022_12_15/13_56_20_record/12152022_cohabitation_5546/cleversys/mergedVideo_minicam1.avi	3379.440	50.0	No focal subject	noncontact investigation	Investigation	Initiating	STATE	3156.680	3163.520	6.840		
5546_1215_135620	2022-12-26 20:58:00	First hour of cohousing	C:/miniscopeData/5546/2022_12_15/13_56_20_record/12152022_cohabitation_5546/cleversys/mergedVideo_minicam1.avi	3379.440	50.0	No focal subject	noncontact investigation	Investigation	Receiving	STATE	3219.300	3222.740	3.440		
5546_1215_135620	2022-12-26 20:58:00	First hour of cohousing	C:/miniscopeData/5546/2022_12_15/13_56_20_record/12152022_cohabitation_5546/cleversys/mergedVideo_minicam1.avi	3379.440	50.0	No focal subject	noncontact investigation	Investigation	Both	STATE	3222.760	3225.840	3.080		
5546_1215_135620	2022-12-26 20:58:00	First hour of cohousing	C:/miniscopeData/5546/2022_12_15/13_56_20_record/12152022_cohabitation_5546/cleversys/mergedVideo_minicam1.avi	3379.440	50.0	No focal subject	noncontact investigation	Investigation	Initiating	STATE	3247.920	3252.600	4.680		
5546_1215_135620	2022-12-26 20:58:00	First hour of cohousing	C:/miniscopeData/5546/2022_12_15/13_56_20_record/12152022_cohabitation_5546/cleversys/mergedVideo_minicam1.avi	3379.440	50.0	No focal subject	noncontact investigation	Investigation	Both	STATE	3271.960	3273.300	1.340		
5546_1215_135620	2022-12-26 20:58:00	First hour of cohousing	C:/miniscopeData/5546/2022_12_15/13_56_20_record/12152022_cohabitation_5546/cleversys/mergedVideo_minicam1.avi	3379.440	50.0	No focal subject	noncontact investigation	Investigation	Both	STATE	3275.640	3278.980	3.340		
5546_1215_135620	2022-12-26 20:58:00	First hour of cohousing	C:/miniscopeData/5546/2022_12_15/13_56_20_record/12152022_cohabitation_5546/cleversys/mergedVideo_minicam1.avi	3379.440	50.0	No focal subject	noncontact investigation	Investigation	Receiving	STATE	3279.380	3287.840	8.460		
5546_1215_135620	2022-12-26 20:58:00	First hour of cohousing	C:/miniscopeData/5546/2022_12_15/13_56_20_record/12152022_cohabitation_5546/cleversys/mergedVideo_minicam1.avi	3379.440	50.0	No focal subject	noncontact investigation	Investigation	Receiving	STATE	3290.120	3293.220	3.100		
5546_1215_135620	2022-12-26 20:58:00	First hour of cohousing	C:/miniscopeData/5546/2022_12_15/13_56_20_record/12152022_cohabitation_5546/cleversys/mergedVideo_minicam1.avi	3379.440	50.0	No focal subject	tumble fighting	Aggressive		STATE	3293.360	3293.840	0.480		
5546_1215_135620	2022-12-26 20:58:00	First hour of cohousing	C:/miniscopeData/5546/2022_12_15/13_56_20_record/12152022_cohabitation_5546/cleversys/mergedVideo_minicam1.avi	3379.440	50.0	No focal subject	noncontact investigation	Investigation	Initiating	STATE	3294.200	3297.420	3.220		
5546_1215_135620	2022-12-26 20:58:00	First hour of cohousing	C:/miniscopeData/5546/2022_12_15/13_56_20_record/12152022_cohabitation_5546/cleversys/mergedVideo_minicam1.avi	3379.440	50.0	No focal subject	noncontact investigation	Investigation	Initiating	STATE	3299.980	3300.820	0.840		
5546_1215_135620	2022-12-26 20:58:00	First hour of cohousing	C:/miniscopeData/5546/2022_12_15/13_56_20_record/12152022_cohabitation_5546/cleversys/mergedVideo_minicam1.avi	3379.440	50.0	No focal subject	noncontact investigation	Investigation	Initiating	STATE	3305.000	3307.300	2.300		
5546_1215_135620	2022-12-26 20:58:00	First hour of cohousing	C:/miniscopeData/5546/2022_12_15/13_56_20_record/12152022_cohabitation_5546/cleversys/mergedVideo_minicam1.avi	3379.440	50.0	No focal subject	grooming	Affiliative	Grooming self	STATE	3312.760	3317.160	4.400		
5546_1215_135620	2022-12-26 20:58:00	First hour of cohousing	C:/miniscopeData/5546/2022_12_15/13_56_20_record/12152022_cohabitation_5546/cleversys/mergedVideo_minicam1.avi	3379.440	50.0	No focal subject	noncontact investigation	Investigation	Initiating	STATE	3318.320	3319.240	0.920		
5546_1215_135620	2022-12-26 20:58:00	First hour of cohousing	C:/miniscopeData/5546/2022_12_15/13_56_20_record/12152022_cohabitation_5546/cleversys/mergedVideo_minicam1.avi	3379.440	50.0	No focal subject	noncontact investigation	Investigation	Initiating	STATE	3320.380	3322.260	1.880		
5546_1215_135620	2022-12-26 20:58:00	First hour of cohousing	C:/miniscopeData/5546/2022_12_15/13_56_20_record/12152022_cohabitation_5546/cleversys/mergedVideo_minicam1.avi	3379.440	50.0	No focal subject	noncontact investigation	Investigation	Initiating	STATE	3323.400	3324.580	1.180		
5546_1215_135620	2022-12-26 20:58:00	First hour of cohousing	C:/miniscopeData/5546/2022_12_15/13_56_20_record/12152022_cohabitation_5546/cleversys/mergedVideo_minicam1.avi	3379.440	50.0	No focal subject	noncontact investigation	Investigation	Initiating	STATE	3328.980	3331.020	2.040		
5546_1215_135620	2022-12-26 20:58:00	First hour of cohousing	C:/miniscopeData/5546/2022_12_15/13_56_20_record/12152022_cohabitation_5546/cleversys/mergedVideo_minicam1.avi	3379.440	50.0	No focal subject	grooming	Affiliative	Grooming self	STATE	3338.700	3343.040	4.340		
5546_1215_135620	2022-12-26 20:58:00	First hour of cohousing	C:/miniscopeData/5546/2022_12_15/13_56_20_record/12152022_cohabitation_5546/cleversys/mergedVideo_minicam1.avi	3379.440	50.0	No focal subject	noncontact investigation	Investigation	Initiating	STATE	3349.780	3361.640	11.860		
5546_1215_135620	2022-12-26 20:58:00	First hour of cohousing	C:/miniscopeData/5546/2022_12_15/13_56_20_record/12152022_cohabitation_5546/cleversys/mergedVideo_minicam1.avi	3379.440	50.0	No focal subject	grooming	Affiliative	Grooming self	STATE	3370.380	3372.160	1.780		
5546_1215_135620	2022-12-26 20:58:00	First hour of cohousing	C:/miniscopeData/5546/2022_12_15/13_56_20_record/12152022_cohabitation_5546/cleversys/mergedVideo_minicam1.avi	3379.440	50.0	No focal subject	noncontact investigation	Investigation	Initiating	STATE	3376.740	3378.720	1.980		
