Observation id,Observation date,Description,Observation duration,Observation type,Source,Media duration (s),FPS,Subject,Behavior,Behavioral category,Behavior type,Time,Media file name,Image index,Image file path,Comment
4030 prebonding novel,2023-07-27 12:53:24,,2027.367,Media file(s),player #1:Z:/Kathleen Murphy/PFC Sync/Cohort 2/Raw Data/Before Bonding/Prebonding_Novels_4039_3661_Novels_4043_4030/video2_2021-04-28T13_09_23.avi,2851.5,30.0,Fiber2,Cautious,,START,824.1,Z:/Kathleen Murphy/PFC Sync/Cohort 2/Raw Data/Before Bonding/Prebonding_Novels_4039_3661_Novels_4043_4030/video2_2021-04-28T13_09_23.avi,24724,,
4030 prebonding novel,2023-07-27 12:53:24,,2027.367,Media file(s),player #1:Z:/Kathleen Murphy/PFC Sync/Cohort 2/Raw Data/Before Bonding/Prebonding_Novels_4039_3661_Novels_4043_4030/video2_2021-04-28T13_09_23.avi,2851.5,30.0,Fiber2,Cautious,,STOP,825.9,Z:/Kathleen Murphy/PFC Sync/Cohort 2/Raw Data/Before Bonding/Prebonding_Novels_4039_3661_Novels_4043_4030/video2_2021-04-28T13_09_23.avi,24778,,
4030 prebonding novel,2023-07-27 12:53:24,,2027.367,Media file(s),player #1:Z:/Kathleen Murphy/PFC Sync/Cohort 2/Raw Data/Before Bonding/Prebonding_Novels_4039_3661_Novels_4043_4030/video2_2021-04-28T13_09_23.avi,2851.5,30.0,Fiber2,Prosocial,,START,825.9,Z:/Kathleen Murphy/PFC Sync/Cohort 2/Raw Data/Before Bonding/Prebonding_Novels_4039_3661_Novels_4043_4030/video2_2021-04-28T13_09_23.avi,24778,,
4030 prebonding novel,2023-07-27 12:53:24,,2027.367,Media file(s),player #1:Z:/Kathleen Murphy/PFC Sync/Cohort 2/Raw Data/Before Bonding/Prebonding_Novels_4039_3661_Novels_4043_4030/video2_2021-04-28T13_09_23.avi,2851.5,30.0,Fiber2,Nonsocial,,START,830.167,Z:/Kathleen Murphy/PFC Sync/Cohort 2/Raw Data/Before Bonding/Prebonding_Novels_4039_3661_Novels_4043_4030/video2_2021-04-28T13_09_23.avi,24906,,
4030 prebonding novel,2023-07-27 12:53:24,,2027.367,Media file(s),player #1:Z:/Kathleen Murphy/PFC Sync/Cohort 2/Raw Data/Before Bonding/Prebonding_Novels_4039_3661_Novels_4043_4030/video2_2021-04-28T13_09_23.avi,2851.5,30.0,Fiber2,Prosocial,,STOP,830.167,Z:/Kathleen Murphy/PFC Sync/Cohort 2/Raw Data/Before Bonding/Prebonding_Novels_4039_3661_Novels_4043_4030/video2_2021-04-28T13_09_23.avi,24906,,
4030 prebonding novel,2023-07-27 12:53:24,,2027.367,Media file(s),player #1:Z:/Kathleen Murphy/PFC Sync/Cohort 2/Raw Data/Before Bonding/Prebonding_Novels_4039_3661_Novels_4043_4030/video2_2021-04-28T13_09_23.avi,2851.5,30.0,Fiber2,Nonsocial,,STOP,835.733,Z:/Kathleen Murphy/PFC Sync/Cohort 2/Raw Data/Before Bonding/Prebonding_Novels_4039_3661_Novels_4043_4030/video2_2021-04-28T13_09_23.avi,25073,,
4030 prebonding novel,2023-07-27 12:53:24,,2027.367,Media file(s),player #1:Z:/Kathleen Murphy/PFC Sync/Cohort 2/Raw Data/Before Bonding/Prebonding_Novels_4039_3661_Novels_4043_4030/video2_2021-04-28T13_09_23.avi,2851.5,30.0,Fiber2,Prosocial,,START,835.733,Z:/Kathleen Murphy/PFC Sync/Cohort 2/Raw Data/Before Bonding/Prebonding_Novels_4039_3661_Novels_4043_4030/video2_2021-04-28T13_09_23.avi,25073,,
4030 prebonding novel,2023-07-27 12:53:24,,2027.367,Media file(s),player #1:Z:/Kathleen Murphy/PFC Sync/Cohort 2/Raw Data/Before Bonding/Prebonding_Novels_4039_3661_Novels_4043_4030/video2_2021-04-28T13_09_23.avi,2851.5,30.0,Fiber2,Nonsocial,,START,836.367,Z:/Kathleen Murphy/PFC Sync/Cohort 2/Raw Data/Before Bonding/Prebonding_Novels_4039_3661_Novels_4043_4030/video2_2021-04-28T13_09_23.avi,25092,,
4030 prebonding novel,2023-07-27 12:53:24,,2027.367,Media file(s),player #1:Z:/Kathleen Murphy/PFC Sync/Cohort 2/Raw Data/Before Bonding/Prebonding_Novels_4039_3661_Novels_4043_4030/video2_2021-04-28T13_09_23.avi,2851.5,30.0,Fiber2,Prosocial,,STOP,836.367,Z:/Kathleen Murphy/PFC Sync/Cohort 2/Raw Data/Before Bonding/Prebonding_Novels_4039_3661_Novels_4043_4030/video2_2021-04-28T13_09_23.avi,25092,,
4030 prebonding novel,2023-07-27 12:53:24,,2027.367,Media file(s),player #1:Z:/Kathleen Murphy/PFC Sync/Cohort 2/Raw Data/Before Bonding/Prebonding_Novels_4039_3661_Novels_4043_4030/video2_2021-04-28T13_09_23.avi,2851.5,30.0,Fiber2,Nonsocial,,STOP,854.067,Z:/Kathleen Murphy/PFC Sync/Cohort 2/Raw Data/Before Bonding/Prebonding_Novels_4039_3661_Novels_4043_4030/video2_2021-04-28T13_09_23.avi,25623,,
4030 prebonding novel,2023-07-27 12:53:24,,2027.367,Media file(s),player #1:Z:/Kathleen Murphy/PFC Sync/Cohort 2/Raw Data/Before Bonding/Prebonding_Novels_4039_3661_Novels_4043_4030/video2_2021-04-28T13_09_23.avi,2851.5,30.0,Fiber2,Prosocial,,START,854.067,Z:/Kathleen Murphy/PFC Sync/Cohort 2/Raw Data/Before Bonding/Prebonding_Novels_4039_3661_Novels_4043_4030/video2_2021-04-28T13_09_23.avi,25623,,
4030 prebonding novel,2023-07-27 12:53:24,,2027.367,Media file(s),player #1:Z:/Kathleen Murphy/PFC Sync/Cohort 2/Raw Data/Before Bonding/Prebonding_Novels_4039_3661_Novels_4043_4030/video2_2021-04-28T13_09_23.avi,2851.5,30.0,Fiber2,Nonsocial,,START,855.8,Z:/Kathleen Murphy/PFC Sync/Cohort 2/Raw Data/Before Bonding/Prebonding_Novels_4039_3661_Novels_4043_4030/video2_2021-04-28T13_09_23.avi,25675,,
4030 prebonding novel,2023-07-27 12:53:24,,2027.367,Media file(s),player #1:Z:/Kathleen Murphy/PFC Sync/Cohort 2/Raw Data/Before Bonding/Prebonding_Novels_4039_3661_Novels_4043_4030/video2_2021-04-28T13_09_23.avi,2851.5,30.0,Fiber2,Prosocial,,STOP,855.8,Z:/Kathleen Murphy/PFC Sync/Cohort 2/Raw Data/Before Bonding/Prebonding_Novels_4039_3661_Novels_4043_4030/video2_2021-04-28T13_09_23.avi,25675,,
4030 prebonding novel,2023-07-27 12:53:24,,2027.367,Media file(s),player #1:Z:/Kathleen Murphy/PFC Sync/Cohort 2/Raw Data/Before Bonding/Prebonding_Novels_4039_3661_Novels_4043_4030/video2_2021-04-28T13_09_23.avi,2851.5,30.0,Fiber2,Nonsocial,,STOP,856.767,Z:/Kathleen Murphy/PFC Sync/Cohort 2/Raw Data/Before Bonding/Prebonding_Novels_4039_3661_Novels_4043_4030/video2_2021-04-28T13_09_23.avi,25704,,
4030 prebonding novel,2023-07-27 12:53:24,,2027.367,Media file(s),player #1:Z:/Kathleen Murphy/PFC Sync/Cohort 2/Raw Data/Before Bonding/Prebonding_Novels_4039_3661_Novels_4043_4030/video2_2021-04-28T13_09_23.avi,2851.5,30.0,Fiber2,Prosocial,,START,856.767,Z:/Kathleen Murphy/PFC Sync/Cohort 2/Raw Data/Before Bonding/Prebonding_Novels_4039_3661_Novels_4043_4030/video2_2021-04-28T13_09_23.avi,25704,,
4030 prebonding novel,2023-07-27 12:53:24,,2027.367,Media file(s),player #1:Z:/Kathleen Murphy/PFC Sync/Cohort 2/Raw Data/Before Bonding/Prebonding_Novels_4039_3661_Novels_4043_4030/video2_2021-04-28T13_09_23.avi,2851.5,30.0,Fiber2,Nonsocial,,START,867.967,Z:/Kathleen Murphy/PFC Sync/Cohort 2/Raw Data/Before Bonding/Prebonding_Novels_4039_3661_Novels_4043_4030/video2_2021-04-28T13_09_23.avi,26040,,
4030 prebonding novel,2023-07-27 12:53:24,,2027.367,Media file(s),player #1:Z:/Kathleen Murphy/PFC Sync/Cohort 2/Raw Data/Before Bonding/Prebonding_Novels_4039_3661_Novels_4043_4030/video2_2021-04-28T13_09_23.avi,2851.5,30.0,Fiber2,Prosocial,,STOP,867.967,Z:/Kathleen Murphy/PFC Sync/Cohort 2/Raw Data/Before Bonding/Prebonding_Novels_4039_3661_Novels_4043_4030/video2_2021-04-28T13_09_23.avi,26040,,
4030 prebonding novel,2023-07-27 12:53:24,,2027.367,Media file(s),player #1:Z:/Kathleen Murphy/PFC Sync/Cohort 2/Raw Data/Before Bonding/Prebonding_Novels_4039_3661_Novels_4043_4030/video2_2021-04-28T13_09_23.avi,2851.5,30.0,Fiber2,Cautious,,START,868.6,Z:/Kathleen Murphy/PFC Sync/Cohort 2/Raw Data/Before Bonding/Prebonding_Novels_4039_3661_Novels_4043_4030/video2_2021-04-28T13_09_23.avi,26059,,
4030 prebonding novel,2023-07-27 12:53:24,,2027.367,Media file(s),player #1:Z:/Kathleen Murphy/PFC Sync/Cohort 2/Raw Data/Before Bonding/Prebonding_Novels_4039_3661_Novels_4043_4030/video2_2021-04-28T13_09_23.avi,2851.5,30.0,Fiber2,Nonsocial,,STOP,868.6,Z:/Kathleen Murphy/PFC Sync/Cohort 2/Raw Data/Before Bonding/Prebonding_Novels_4039_3661_Novels_4043_4030/video2_2021-04-28T13_09_23.avi,26059,,
4030 prebonding novel,2023-07-27 12:53:24,,2027.367,Media file(s),player #1:Z:/Kathleen Murphy/PFC Sync/Cohort 2/Raw Data/Before Bonding/Prebonding_Novels_4039_3661_Novels_4043_4030/video2_2021-04-28T13_09_23.avi,2851.5,30.0,Fiber2,Cautious,,STOP,873.8,Z:/Kathleen Murphy/PFC Sync/Cohort 2/Raw Data/Before Bonding/Prebonding_Novels_4039_3661_Novels_4043_4030/video2_2021-04-28T13_09_23.avi,26215,,
4030 prebonding novel,2023-07-27 12:53:24,,2027.367,Media file(s),player #1:Z:/Kathleen Murphy/PFC Sync/Cohort 2/Raw Data/Before Bonding/Prebonding_Novels_4039_3661_Novels_4043_4030/video2_2021-04-28T13_09_23.avi,2851.5,30.0,Fiber2,Prosocial,,START,873.8,Z:/Kathleen Murphy/PFC Sync/Cohort 2/Raw Data/Before Bonding/Prebonding_Novels_4039_3661_Novels_4043_4030/video2_2021-04-28T13_09_23.avi,26215,,
4030 prebonding novel,2023-07-27 12:53:24,,2027.367,Media file(s),player #1:Z:/Kathleen Murphy/PFC Sync/Cohort 2/Raw Data/Before Bonding/Prebonding_Novels_4039_3661_Novels_4043_4030/video2_2021-04-28T13_09_23.avi,2851.5,30.0,Fiber2,Nonsocial,,START,874.433,Z:/Kathleen Murphy/PFC Sync/Cohort 2/Raw Data/Before Bonding/Prebonding_Novels_4039_3661_Novels_4043_4030/video2_2021-04-28T13_09_23.avi,26234,,
4030 prebonding novel,2023-07-27 12:53:24,,2027.367,Media file(s),player #1:Z:/Kathleen Murphy/PFC Sync/Cohort 2/Raw Data/Before Bonding/Prebonding_Novels_4039_3661_Novels_4043_4030/video2_2021-04-28T13_09_23.avi,2851.5,30.0,Fiber2,Prosocial,,STOP,874.433,Z:/Kathleen Murphy/PFC Sync/Cohort 2/Raw Data/Before Bonding/Prebonding_Novels_4039_3661_Novels_4043_4030/video2_2021-04-28T13_09_23.avi,26234,,
4030 prebonding novel,2023-07-27 12:53:24,,2027.367,Media file(s),player #1:Z:/Kathleen Murphy/PFC Sync/Cohort 2/Raw Data/Before Bonding/Prebonding_Novels_4039_3661_Novels_4043_4030/video2_2021-04-28T13_09_23.avi,2851.5,30.0,Fiber2,Nonsocial,,STOP,877.0,Z:/Kathleen Murphy/PFC Sync/Cohort 2/Raw Data/Before Bonding/Prebonding_Novels_4039_3661_Novels_4043_4030/video2_2021-04-28T13_09_23.avi,26311,,
4030 prebonding novel,2023-07-27 12:53:24,,2027.367,Media file(s),player #1:Z:/Kathleen Murphy/PFC Sync/Cohort 2/Raw Data/Before Bonding/Prebonding_Novels_4039_3661_Novels_4043_4030/video2_2021-04-28T13_09_23.avi,2851.5,30.0,Fiber2,Prosocial,,START,877.0,Z:/Kathleen Murphy/PFC Sync/Cohort 2/Raw Data/Before Bonding/Prebonding_Novels_4039_3661_Novels_4043_4030/video2_2021-04-28T13_09_23.avi,26311,,
4030 prebonding novel,2023-07-27 12:53:24,,2027.367,Media file(s),player #1:Z:/Kathleen Murphy/PFC Sync/Cohort 2/Raw Data/Before Bonding/Prebonding_Novels_4039_3661_Novels_4043_4030/video2_2021-04-28T13_09_23.avi,2851.5,30.0,Fiber2,Nonsocial,,START,878.533,Z:/Kathleen Murphy/PFC Sync/Cohort 2/Raw Data/Before Bonding/Prebonding_Novels_4039_3661_Novels_4043_4030/video2_2021-04-28T13_09_23.avi,26357,,
4030 prebonding novel,2023-07-27 12:53:24,,2027.367,Media file(s),player #1:Z:/Kathleen Murphy/PFC Sync/Cohort 2/Raw Data/Before Bonding/Prebonding_Novels_4039_3661_Novels_4043_4030/video2_2021-04-28T13_09_23.avi,2851.5,30.0,Fiber2,Prosocial,,STOP,878.533,Z:/Kathleen Murphy/PFC Sync/Cohort 2/Raw Data/Before Bonding/Prebonding_Novels_4039_3661_Novels_4043_4030/video2_2021-04-28T13_09_23.avi,26357,,
4030 prebonding novel,2023-07-27 12:53:24,,2027.367,Media file(s),player #1:Z:/Kathleen Murphy/PFC Sync/Cohort 2/Raw Data/Before Bonding/Prebonding_Novels_4039_3661_Novels_4043_4030/video2_2021-04-28T13_09_23.avi,2851.5,30.0,Fiber2,Cautious,,START,879.1,Z:/Kathleen Murphy/PFC Sync/Cohort 2/Raw Data/Before Bonding/Prebonding_Novels_4039_3661_Novels_4043_4030/video2_2021-04-28T13_09_23.avi,26374,,
4030 prebonding novel,2023-07-27 12:53:24,,2027.367,Media file(s),player #1:Z:/Kathleen Murphy/PFC Sync/Cohort 2/Raw Data/Before Bonding/Prebonding_Novels_4039_3661_Novels_4043_4030/video2_2021-04-28T13_09_23.avi,2851.5,30.0,Fiber2,Nonsocial,,STOP,879.1,Z:/Kathleen Murphy/PFC Sync/Cohort 2/Raw Data/Before Bonding/Prebonding_Novels_4039_3661_Novels_4043_4030/video2_2021-04-28T13_09_23.avi,26374,,
4030 prebonding novel,2023-07-27 12:53:24,,2027.367,Media file(s),player #1:Z:/Kathleen Murphy/PFC Sync/Cohort 2/Raw Data/Before Bonding/Prebonding_Novels_4039_3661_Novels_4043_4030/video2_2021-04-28T13_09_23.avi,2851.5,30.0,Fiber2,Cautious,,STOP,879.867,Z:/Kathleen Murphy/PFC Sync/Cohort 2/Raw Data/Before Bonding/Prebonding_Novels_4039_3661_Novels_4043_4030/video2_2021-04-28T13_09_23.avi,26397,,
4030 prebonding novel,2023-07-27 12:53:24,,2027.367,Media file(s),player #1:Z:/Kathleen Murphy/PFC Sync/Cohort 2/Raw Data/Before Bonding/Prebonding_Novels_4039_3661_Novels_4043_4030/video2_2021-04-28T13_09_23.avi,2851.5,30.0,Fiber2,Prosocial,,START,879.867,Z:/Kathleen Murphy/PFC Sync/Cohort 2/Raw Data/Before Bonding/Prebonding_Novels_4039_3661_Novels_4043_4030/video2_2021-04-28T13_09_23.avi,26397,,
4030 prebonding novel,2023-07-27 12:53:24,,2027.367,Media file(s),player #1:Z:/Kathleen Murphy/PFC Sync/Cohort 2/Raw Data/Before Bonding/Prebonding_Novels_4039_3661_Novels_4043_4030/video2_2021-04-28T13_09_23.avi,2851.5,30.0,Fiber2,Nonsocial,,START,890.867,Z:/Kathleen Murphy/PFC Sync/Cohort 2/Raw Data/Before Bonding/Prebonding_Novels_4039_3661_Novels_4043_4030/video2_2021-04-28T13_09_23.avi,26727,,
4030 prebonding novel,2023-07-27 12:53:24,,2027.367,Media file(s),player #1:Z:/Kathleen Murphy/PFC Sync/Cohort 2/Raw Data/Before Bonding/Prebonding_Novels_4039_3661_Novels_4043_4030/video2_2021-04-28T13_09_23.avi,2851.5,30.0,Fiber2,Prosocial,,STOP,890.867,Z:/Kathleen Murphy/PFC Sync/Cohort 2/Raw Data/Before Bonding/Prebonding_Novels_4039_3661_Novels_4043_4030/video2_2021-04-28T13_09_23.avi,26727,,
4030 prebonding novel,2023-07-27 12:53:24,,2027.367,Media file(s),player #1:Z:/Kathleen Murphy/PFC Sync/Cohort 2/Raw Data/Before Bonding/Prebonding_Novels_4039_3661_Novels_4043_4030/video2_2021-04-28T13_09_23.avi,2851.5,30.0,Fiber2,Nonsocial,,STOP,897.0,Z:/Kathleen Murphy/PFC Sync/Cohort 2/Raw Data/Before Bonding/Prebonding_Novels_4039_3661_Novels_4043_4030/video2_2021-04-28T13_09_23.avi,26911,,
4030 prebonding novel,2023-07-27 12:53:24,,2027.367,Media file(s),player #1:Z:/Kathleen Murphy/PFC Sync/Cohort 2/Raw Data/Before Bonding/Prebonding_Novels_4039_3661_Novels_4043_4030/video2_2021-04-28T13_09_23.avi,2851.5,30.0,Fiber2,Prosocial,,START,897.0,Z:/Kathleen Murphy/PFC Sync/Cohort 2/Raw Data/Before Bonding/Prebonding_Novels_4039_3661_Novels_4043_4030/video2_2021-04-28T13_09_23.avi,26911,,
4030 prebonding novel,2023-07-27 12:53:24,,2027.367,Media file(s),player #1:Z:/Kathleen Murphy/PFC Sync/Cohort 2/Raw Data/Before Bonding/Prebonding_Novels_4039_3661_Novels_4043_4030/video2_2021-04-28T13_09_23.avi,2851.5,30.0,Fiber2,Nonsocial,,START,897.8,Z:/Kathleen Murphy/PFC Sync/Cohort 2/Raw Data/Before Bonding/Prebonding_Novels_4039_3661_Novels_4043_4030/video2_2021-04-28T13_09_23.avi,26935,,
4030 prebonding novel,2023-07-27 12:53:24,,2027.367,Media file(s),player #1:Z:/Kathleen Murphy/PFC Sync/Cohort 2/Raw Data/Before Bonding/Prebonding_Novels_4039_3661_Novels_4043_4030/video2_2021-04-28T13_09_23.avi,2851.5,30.0,Fiber2,Prosocial,,STOP,897.8,Z:/Kathleen Murphy/PFC Sync/Cohort 2/Raw Data/Before Bonding/Prebonding_Novels_4039_3661_Novels_4043_4030/video2_2021-04-28T13_09_23.avi,26935,,
4030 prebonding novel,2023-07-27 12:53:24,,2027.367,Media file(s),player #1:Z:/Kathleen Murphy/PFC Sync/Cohort 2/Raw Data/Before Bonding/Prebonding_Novels_4039_3661_Novels_4043_4030/video2_2021-04-28T13_09_23.avi,2851.5,30.0,Fiber2,Nonsocial,,STOP,898.933,Z:/Kathleen Murphy/PFC Sync/Cohort 2/Raw Data/Before Bonding/Prebonding_Novels_4039_3661_Novels_4043_4030/video2_2021-04-28T13_09_23.avi,26969,,
4030 prebonding novel,2023-07-27 12:53:24,,2027.367,Media file(s),player #1:Z:/Kathleen Murphy/PFC Sync/Cohort 2/Raw Data/Before Bonding/Prebonding_Novels_4039_3661_Novels_4043_4030/video2_2021-04-28T13_09_23.avi,2851.5,30.0,Fiber2,Prosocial,,START,898.933,Z:/Kathleen Murphy/PFC Sync/Cohort 2/Raw Data/Before Bonding/Prebonding_Novels_4039_3661_Novels_4043_4030/video2_2021-04-28T13_09_23.avi,26969,,
4030 prebonding novel,2023-07-27 12:53:24,,2027.367,Media file(s),player #1:Z:/Kathleen Murphy/PFC Sync/Cohort 2/Raw Data/Before Bonding/Prebonding_Novels_4039_3661_Novels_4043_4030/video2_2021-04-28T13_09_23.avi,2851.5,30.0,Fiber2,Nonsocial,,START,902.833,Z:/Kathleen Murphy/PFC Sync/Cohort 2/Raw Data/Before Bonding/Prebonding_Novels_4039_3661_Novels_4043_4030/video2_2021-04-28T13_09_23.avi,27086,,
4030 prebonding novel,2023-07-27 12:53:24,,2027.367,Media file(s),player #1:Z:/Kathleen Murphy/PFC Sync/Cohort 2/Raw Data/Before Bonding/Prebonding_Novels_4039_3661_Novels_4043_4030/video2_2021-04-28T13_09_23.avi,2851.5,30.0,Fiber2,Prosocial,,STOP,902.833,Z:/Kathleen Murphy/PFC Sync/Cohort 2/Raw Data/Before Bonding/Prebonding_Novels_4039_3661_Novels_4043_4030/video2_2021-04-28T13_09_23.avi,27086,,
4030 prebonding novel,2023-07-27 12:53:24,,2027.367,Media file(s),player #1:Z:/Kathleen Murphy/PFC Sync/Cohort 2/Raw Data/Before Bonding/Prebonding_Novels_4039_3661_Novels_4043_4030/video2_2021-04-28T13_09_23.avi,2851.5,30.0,Fiber2,Nonsocial,,STOP,913.8,Z:/Kathleen Murphy/PFC Sync/Cohort 2/Raw Data/Before Bonding/Prebonding_Novels_4039_3661_Novels_4043_4030/video2_2021-04-28T13_09_23.avi,27415,,
4030 prebonding novel,2023-07-27 12:53:24,,2027.367,Media file(s),player #1:Z:/Kathleen Murphy/PFC Sync/Cohort 2/Raw Data/Before Bonding/Prebonding_Novels_4039_3661_Novels_4043_4030/video2_2021-04-28T13_09_23.avi,2851.5,30.0,Fiber2,Prosocial,,START,913.8,Z:/Kathleen Murphy/PFC Sync/Cohort 2/Raw Data/Before Bonding/Prebonding_Novels_4039_3661_Novels_4043_4030/video2_2021-04-28T13_09_23.avi,27415,,
4030 prebonding novel,2023-07-27 12:53:24,,2027.367,Media file(s),player #1:Z:/Kathleen Murphy/PFC Sync/Cohort 2/Raw Data/Before Bonding/Prebonding_Novels_4039_3661_Novels_4043_4030/video2_2021-04-28T13_09_23.avi,2851.5,30.0,Fiber2,Aggressive,,START,920.567,Z:/Kathleen Murphy/PFC Sync/Cohort 2/Raw Data/Before Bonding/Prebonding_Novels_4039_3661_Novels_4043_4030/video2_2021-04-28T13_09_23.avi,27618,,
4030 prebonding novel,2023-07-27 12:53:24,,2027.367,Media file(s),player #1:Z:/Kathleen Murphy/PFC Sync/Cohort 2/Raw Data/Before Bonding/Prebonding_Novels_4039_3661_Novels_4043_4030/video2_2021-04-28T13_09_23.avi,2851.5,30.0,Fiber2,Prosocial,,STOP,920.567,Z:/Kathleen Murphy/PFC Sync/Cohort 2/Raw Data/Before Bonding/Prebonding_Novels_4039_3661_Novels_4043_4030/video2_2021-04-28T13_09_23.avi,27618,,
4030 prebonding novel,2023-07-27 12:53:24,,2027.367,Media file(s),player #1:Z:/Kathleen Murphy/PFC Sync/Cohort 2/Raw Data/Before Bonding/Prebonding_Novels_4039_3661_Novels_4043_4030/video2_2021-04-28T13_09_23.avi,2851.5,30.0,Fiber2,Aggressive,,STOP,920.9,Z:/Kathleen Murphy/PFC Sync/Cohort 2/Raw Data/Before Bonding/Prebonding_Novels_4039_3661_Novels_4043_4030/video2_2021-04-28T13_09_23.avi,27628,,
4030 prebonding novel,2023-07-27 12:53:24,,2027.367,Media file(s),player #1:Z:/Kathleen Murphy/PFC Sync/Cohort 2/Raw Data/Before Bonding/Prebonding_Novels_4039_3661_Novels_4043_4030/video2_2021-04-28T13_09_23.avi,2851.5,30.0,Fiber2,Cautious,,START,920.9,Z:/Kathleen Murphy/PFC Sync/Cohort 2/Raw Data/Before Bonding/Prebonding_Novels_4039_3661_Novels_4043_4030/video2_2021-04-28T13_09_23.avi,27628,,
4030 prebonding novel,2023-07-27 12:53:24,,2027.367,Media file(s),player #1:Z:/Kathleen Murphy/PFC Sync/Cohort 2/Raw Data/Before Bonding/Prebonding_Novels_4039_3661_Novels_4043_4030/video2_2021-04-28T13_09_23.avi,2851.5,30.0,Fiber2,Cautious,,STOP,923.1,Z:/Kathleen Murphy/PFC Sync/Cohort 2/Raw Data/Before Bonding/Prebonding_Novels_4039_3661_Novels_4043_4030/video2_2021-04-28T13_09_23.avi,27694,,
4030 prebonding novel,2023-07-27 12:53:24,,2027.367,Media file(s),player #1:Z:/Kathleen Murphy/PFC Sync/Cohort 2/Raw Data/Before Bonding/Prebonding_Novels_4039_3661_Novels_4043_4030/video2_2021-04-28T13_09_23.avi,2851.5,30.0,Fiber2,Prosocial,,START,923.1,Z:/Kathleen Murphy/PFC Sync/Cohort 2/Raw Data/Before Bonding/Prebonding_Novels_4039_3661_Novels_4043_4030/video2_2021-04-28T13_09_23.avi,27694,,
4030 prebonding novel,2023-07-27 12:53:24,,2027.367,Media file(s),player #1:Z:/Kathleen Murphy/PFC Sync/Cohort 2/Raw Data/Before Bonding/Prebonding_Novels_4039_3661_Novels_4043_4030/video2_2021-04-28T13_09_23.avi,2851.5,30.0,Fiber2,Nonsocial,,START,926.667,Z:/Kathleen Murphy/PFC Sync/Cohort 2/Raw Data/Before Bonding/Prebonding_Novels_4039_3661_Novels_4043_4030/video2_2021-04-28T13_09_23.avi,27801,,
4030 prebonding novel,2023-07-27 12:53:24,,2027.367,Media file(s),player #1:Z:/Kathleen Murphy/PFC Sync/Cohort 2/Raw Data/Before Bonding/Prebonding_Novels_4039_3661_Novels_4043_4030/video2_2021-04-28T13_09_23.avi,2851.5,30.0,Fiber2,Prosocial,,STOP,926.667,Z:/Kathleen Murphy/PFC Sync/Cohort 2/Raw Data/Before Bonding/Prebonding_Novels_4039_3661_Novels_4043_4030/video2_2021-04-28T13_09_23.avi,27801,,
4030 prebonding novel,2023-07-27 12:53:24,,2027.367,Media file(s),player #1:Z:/Kathleen Murphy/PFC Sync/Cohort 2/Raw Data/Before Bonding/Prebonding_Novels_4039_3661_Novels_4043_4030/video2_2021-04-28T13_09_23.avi,2851.5,30.0,Fiber2,Cautious,,START,934.233,Z:/Kathleen Murphy/PFC Sync/Cohort 2/Raw Data/Before Bonding/Prebonding_Novels_4039_3661_Novels_4043_4030/video2_2021-04-28T13_09_23.avi,28028,,
4030 prebonding novel,2023-07-27 12:53:24,,2027.367,Media file(s),player #1:Z:/Kathleen Murphy/PFC Sync/Cohort 2/Raw Data/Before Bonding/Prebonding_Novels_4039_3661_Novels_4043_4030/video2_2021-04-28T13_09_23.avi,2851.5,30.0,Fiber2,Nonsocial,,STOP,934.233,Z:/Kathleen Murphy/PFC Sync/Cohort 2/Raw Data/Before Bonding/Prebonding_Novels_4039_3661_Novels_4043_4030/video2_2021-04-28T13_09_23.avi,28028,,
4030 prebonding novel,2023-07-27 12:53:24,,2027.367,Media file(s),player #1:Z:/Kathleen Murphy/PFC Sync/Cohort 2/Raw Data/Before Bonding/Prebonding_Novels_4039_3661_Novels_4043_4030/video2_2021-04-28T13_09_23.avi,2851.5,30.0,Fiber2,Cautious,,STOP,940.4,Z:/Kathleen Murphy/PFC Sync/Cohort 2/Raw Data/Before Bonding/Prebonding_Novels_4039_3661_Novels_4043_4030/video2_2021-04-28T13_09_23.avi,28213,,
4030 prebonding novel,2023-07-27 12:53:24,,2027.367,Media file(s),player #1:Z:/Kathleen Murphy/PFC Sync/Cohort 2/Raw Data/Before Bonding/Prebonding_Novels_4039_3661_Novels_4043_4030/video2_2021-04-28T13_09_23.avi,2851.5,30.0,Fiber2,Prosocial,,START,940.4,Z:/Kathleen Murphy/PFC Sync/Cohort 2/Raw Data/Before Bonding/Prebonding_Novels_4039_3661_Novels_4043_4030/video2_2021-04-28T13_09_23.avi,28213,,
4030 prebonding novel,2023-07-27 12:53:24,,2027.367,Media file(s),player #1:Z:/Kathleen Murphy/PFC Sync/Cohort 2/Raw Data/Before Bonding/Prebonding_Novels_4039_3661_Novels_4043_4030/video2_2021-04-28T13_09_23.avi,2851.5,30.0,Fiber2,Nonsocial,,START,946.4,Z:/Kathleen Murphy/PFC Sync/Cohort 2/Raw Data/Before Bonding/Prebonding_Novels_4039_3661_Novels_4043_4030/video2_2021-04-28T13_09_23.avi,28393,,
4030 prebonding novel,2023-07-27 12:53:24,,2027.367,Media file(s),player #1:Z:/Kathleen Murphy/PFC Sync/Cohort 2/Raw Data/Before Bonding/Prebonding_Novels_4039_3661_Novels_4043_4030/video2_2021-04-28T13_09_23.avi,2851.5,30.0,Fiber2,Prosocial,,STOP,946.4,Z:/Kathleen Murphy/PFC Sync/Cohort 2/Raw Data/Before Bonding/Prebonding_Novels_4039_3661_Novels_4043_4030/video2_2021-04-28T13_09_23.avi,28393,,
4030 prebonding novel,2023-07-27 12:53:24,,2027.367,Media file(s),player #1:Z:/Kathleen Murphy/PFC Sync/Cohort 2/Raw Data/Before Bonding/Prebonding_Novels_4039_3661_Novels_4043_4030/video2_2021-04-28T13_09_23.avi,2851.5,30.0,Fiber2,Cautious,,START,950.1,Z:/Kathleen Murphy/PFC Sync/Cohort 2/Raw Data/Before Bonding/Prebonding_Novels_4039_3661_Novels_4043_4030/video2_2021-04-28T13_09_23.avi,28504,,
4030 prebonding novel,2023-07-27 12:53:24,,2027.367,Media file(s),player #1:Z:/Kathleen Murphy/PFC Sync/Cohort 2/Raw Data/Before Bonding/Prebonding_Novels_4039_3661_Novels_4043_4030/video2_2021-04-28T13_09_23.avi,2851.5,30.0,Fiber2,Nonsocial,,STOP,950.1,Z:/Kathleen Murphy/PFC Sync/Cohort 2/Raw Data/Before Bonding/Prebonding_Novels_4039_3661_Novels_4043_4030/video2_2021-04-28T13_09_23.avi,28504,,
4030 prebonding novel,2023-07-27 12:53:24,,2027.367,Media file(s),player #1:Z:/Kathleen Murphy/PFC Sync/Cohort 2/Raw Data/Before Bonding/Prebonding_Novels_4039_3661_Novels_4043_4030/video2_2021-04-28T13_09_23.avi,2851.5,30.0,Fiber2,Cautious,,STOP,951.0,Z:/Kathleen Murphy/PFC Sync/Cohort 2/Raw Data/Before Bonding/Prebonding_Novels_4039_3661_Novels_4043_4030/video2_2021-04-28T13_09_23.avi,28531,,
4030 prebonding novel,2023-07-27 12:53:24,,2027.367,Media file(s),player #1:Z:/Kathleen Murphy/PFC Sync/Cohort 2/Raw Data/Before Bonding/Prebonding_Novels_4039_3661_Novels_4043_4030/video2_2021-04-28T13_09_23.avi,2851.5,30.0,Fiber2,Prosocial,,START,951.0,Z:/Kathleen Murphy/PFC Sync/Cohort 2/Raw Data/Before Bonding/Prebonding_Novels_4039_3661_Novels_4043_4030/video2_2021-04-28T13_09_23.avi,28531,,
4030 prebonding novel,2023-07-27 12:53:24,,2027.367,Media file(s),player #1:Z:/Kathleen Murphy/PFC Sync/Cohort 2/Raw Data/Before Bonding/Prebonding_Novels_4039_3661_Novels_4043_4030/video2_2021-04-28T13_09_23.avi,2851.5,30.0,Fiber2,Nonsocial,,START,952.3,Z:/Kathleen Murphy/PFC Sync/Cohort 2/Raw Data/Before Bonding/Prebonding_Novels_4039_3661_Novels_4043_4030/video2_2021-04-28T13_09_23.avi,28570,,
4030 prebonding novel,2023-07-27 12:53:24,,2027.367,Media file(s),player #1:Z:/Kathleen Murphy/PFC Sync/Cohort 2/Raw Data/Before Bonding/Prebonding_Novels_4039_3661_Novels_4043_4030/video2_2021-04-28T13_09_23.avi,2851.5,30.0,Fiber2,Prosocial,,STOP,952.3,Z:/Kathleen Murphy/PFC Sync/Cohort 2/Raw Data/Before Bonding/Prebonding_Novels_4039_3661_Novels_4043_4030/video2_2021-04-28T13_09_23.avi,28570,,
4030 prebonding novel,2023-07-27 12:53:24,,2027.367,Media file(s),player #1:Z:/Kathleen Murphy/PFC Sync/Cohort 2/Raw Data/Before Bonding/Prebonding_Novels_4039_3661_Novels_4043_4030/video2_2021-04-28T13_09_23.avi,2851.5,30.0,Fiber2,Cautious,,START,954.033,Z:/Kathleen Murphy/PFC Sync/Cohort 2/Raw Data/Before Bonding/Prebonding_Novels_4039_3661_Novels_4043_4030/video2_2021-04-28T13_09_23.avi,28622,,
4030 prebonding novel,2023-07-27 12:53:24,,2027.367,Media file(s),player #1:Z:/Kathleen Murphy/PFC Sync/Cohort 2/Raw Data/Before Bonding/Prebonding_Novels_4039_3661_Novels_4043_4030/video2_2021-04-28T13_09_23.avi,2851.5,30.0,Fiber2,Nonsocial,,STOP,954.033,Z:/Kathleen Murphy/PFC Sync/Cohort 2/Raw Data/Before Bonding/Prebonding_Novels_4039_3661_Novels_4043_4030/video2_2021-04-28T13_09_23.avi,28622,,
4030 prebonding novel,2023-07-27 12:53:24,,2027.367,Media file(s),player #1:Z:/Kathleen Murphy/PFC Sync/Cohort 2/Raw Data/Before Bonding/Prebonding_Novels_4039_3661_Novels_4043_4030/video2_2021-04-28T13_09_23.avi,2851.5,30.0,Fiber2,Aggressive,,START,970.667,Z:/Kathleen Murphy/PFC Sync/Cohort 2/Raw Data/Before Bonding/Prebonding_Novels_4039_3661_Novels_4043_4030/video2_2021-04-28T13_09_23.avi,29121,,
4030 prebonding novel,2023-07-27 12:53:24,,2027.367,Media file(s),player #1:Z:/Kathleen Murphy/PFC Sync/Cohort 2/Raw Data/Before Bonding/Prebonding_Novels_4039_3661_Novels_4043_4030/video2_2021-04-28T13_09_23.avi,2851.5,30.0,Fiber2,Cautious,,STOP,970.667,Z:/Kathleen Murphy/PFC Sync/Cohort 2/Raw Data/Before Bonding/Prebonding_Novels_4039_3661_Novels_4043_4030/video2_2021-04-28T13_09_23.avi,29121,,
4030 prebonding novel,2023-07-27 12:53:24,,2027.367,Media file(s),player #1:Z:/Kathleen Murphy/PFC Sync/Cohort 2/Raw Data/Before Bonding/Prebonding_Novels_4039_3661_Novels_4043_4030/video2_2021-04-28T13_09_23.avi,2851.5,30.0,Fiber2,Aggressive,,STOP,971.033,Z:/Kathleen Murphy/PFC Sync/Cohort 2/Raw Data/Before Bonding/Prebonding_Novels_4039_3661_Novels_4043_4030/video2_2021-04-28T13_09_23.avi,29132,,
4030 prebonding novel,2023-07-27 12:53:24,,2027.367,Media file(s),player #1:Z:/Kathleen Murphy/PFC Sync/Cohort 2/Raw Data/Before Bonding/Prebonding_Novels_4039_3661_Novels_4043_4030/video2_2021-04-28T13_09_23.avi,2851.5,30.0,Fiber2,Cautious,,START,971.033,Z:/Kathleen Murphy/PFC Sync/Cohort 2/Raw Data/Before Bonding/Prebonding_Novels_4039_3661_Novels_4043_4030/video2_2021-04-28T13_09_23.avi,29132,,
4030 prebonding novel,2023-07-27 12:53:24,,2027.367,Media file(s),player #1:Z:/Kathleen Murphy/PFC Sync/Cohort 2/Raw Data/Before Bonding/Prebonding_Novels_4039_3661_Novels_4043_4030/video2_2021-04-28T13_09_23.avi,2851.5,30.0,Fiber2,Cautious,,STOP,980.8,Z:/Kathleen Murphy/PFC Sync/Cohort 2/Raw Data/Before Bonding/Prebonding_Novels_4039_3661_Novels_4043_4030/video2_2021-04-28T13_09_23.avi,29425,,
4030 prebonding novel,2023-07-27 12:53:24,,2027.367,Media file(s),player #1:Z:/Kathleen Murphy/PFC Sync/Cohort 2/Raw Data/Before Bonding/Prebonding_Novels_4039_3661_Novels_4043_4030/video2_2021-04-28T13_09_23.avi,2851.5,30.0,Fiber2,Prosocial,,START,980.8,Z:/Kathleen Murphy/PFC Sync/Cohort 2/Raw Data/Before Bonding/Prebonding_Novels_4039_3661_Novels_4043_4030/video2_2021-04-28T13_09_23.avi,29425,,
4030 prebonding novel,2023-07-27 12:53:24,,2027.367,Media file(s),player #1:Z:/Kathleen Murphy/PFC Sync/Cohort 2/Raw Data/Before Bonding/Prebonding_Novels_4039_3661_Novels_4043_4030/video2_2021-04-28T13_09_23.avi,2851.5,30.0,Fiber2,Cautious,,START,981.667,Z:/Kathleen Murphy/PFC Sync/Cohort 2/Raw Data/Before Bonding/Prebonding_Novels_4039_3661_Novels_4043_4030/video2_2021-04-28T13_09_23.avi,29451,,
4030 prebonding novel,2023-07-27 12:53:24,,2027.367,Media file(s),player #1:Z:/Kathleen Murphy/PFC Sync/Cohort 2/Raw Data/Before Bonding/Prebonding_Novels_4039_3661_Novels_4043_4030/video2_2021-04-28T13_09_23.avi,2851.5,30.0,Fiber2,Prosocial,,STOP,981.667,Z:/Kathleen Murphy/PFC Sync/Cohort 2/Raw Data/Before Bonding/Prebonding_Novels_4039_3661_Novels_4043_4030/video2_2021-04-28T13_09_23.avi,29451,,
4030 prebonding novel,2023-07-27 12:53:24,,2027.367,Media file(s),player #1:Z:/Kathleen Murphy/PFC Sync/Cohort 2/Raw Data/Before Bonding/Prebonding_Novels_4039_3661_Novels_4043_4030/video2_2021-04-28T13_09_23.avi,2851.5,30.0,Fiber2,Cautious,,STOP,982.333,Z:/Kathleen Murphy/PFC Sync/Cohort 2/Raw Data/Before Bonding/Prebonding_Novels_4039_3661_Novels_4043_4030/video2_2021-04-28T13_09_23.avi,29471,,
4030 prebonding novel,2023-07-27 12:53:24,,2027.367,Media file(s),player #1:Z:/Kathleen Murphy/PFC Sync/Cohort 2/Raw Data/Before Bonding/Prebonding_Novels_4039_3661_Novels_4043_4030/video2_2021-04-28T13_09_23.avi,2851.5,30.0,Fiber2,Nonsocial,,START,982.333,Z:/Kathleen Murphy/PFC Sync/Cohort 2/Raw Data/Before Bonding/Prebonding_Novels_4039_3661_Novels_4043_4030/video2_2021-04-28T13_09_23.avi,29471,,
4030 prebonding novel,2023-07-27 12:53:24,,2027.367,Media file(s),player #1:Z:/Kathleen Murphy/PFC Sync/Cohort 2/Raw Data/Before Bonding/Prebonding_Novels_4039_3661_Novels_4043_4030/video2_2021-04-28T13_09_23.avi,2851.5,30.0,Fiber2,Cautious,,START,994.367,Z:/Kathleen Murphy/PFC Sync/Cohort 2/Raw Data/Before Bonding/Prebonding_Novels_4039_3661_Novels_4043_4030/video2_2021-04-28T13_09_23.avi,29832,,
4030 prebonding novel,2023-07-27 12:53:24,,2027.367,Media file(s),player #1:Z:/Kathleen Murphy/PFC Sync/Cohort 2/Raw Data/Before Bonding/Prebonding_Novels_4039_3661_Novels_4043_4030/video2_2021-04-28T13_09_23.avi,2851.5,30.0,Fiber2,Nonsocial,,STOP,994.367,Z:/Kathleen Murphy/PFC Sync/Cohort 2/Raw Data/Before Bonding/Prebonding_Novels_4039_3661_Novels_4043_4030/video2_2021-04-28T13_09_23.avi,29832,,
4030 prebonding novel,2023-07-27 12:53:24,,2027.367,Media file(s),player #1:Z:/Kathleen Murphy/PFC Sync/Cohort 2/Raw Data/Before Bonding/Prebonding_Novels_4039_3661_Novels_4043_4030/video2_2021-04-28T13_09_23.avi,2851.5,30.0,Fiber2,Cautious,,STOP,1005.4,Z:/Kathleen Murphy/PFC Sync/Cohort 2/Raw Data/Before Bonding/Prebonding_Novels_4039_3661_Novels_4043_4030/video2_2021-04-28T13_09_23.avi,30163,,
4030 prebonding novel,2023-07-27 12:53:24,,2027.367,Media file(s),player #1:Z:/Kathleen Murphy/PFC Sync/Cohort 2/Raw Data/Before Bonding/Prebonding_Novels_4039_3661_Novels_4043_4030/video2_2021-04-28T13_09_23.avi,2851.5,30.0,Fiber2,Nonsocial,,START,1005.4,Z:/Kathleen Murphy/PFC Sync/Cohort 2/Raw Data/Before Bonding/Prebonding_Novels_4039_3661_Novels_4043_4030/video2_2021-04-28T13_09_23.avi,30163,,
4030 prebonding novel,2023-07-27 12:53:24,,2027.367,Media file(s),player #1:Z:/Kathleen Murphy/PFC Sync/Cohort 2/Raw Data/Before Bonding/Prebonding_Novels_4039_3661_Novels_4043_4030/video2_2021-04-28T13_09_23.avi,2851.5,30.0,Fiber2,Cautious,,START,1034.3,Z:/Kathleen Murphy/PFC Sync/Cohort 2/Raw Data/Before Bonding/Prebonding_Novels_4039_3661_Novels_4043_4030/video2_2021-04-28T13_09_23.avi,31030,,
4030 prebonding novel,2023-07-27 12:53:24,,2027.367,Media file(s),player #1:Z:/Kathleen Murphy/PFC Sync/Cohort 2/Raw Data/Before Bonding/Prebonding_Novels_4039_3661_Novels_4043_4030/video2_2021-04-28T13_09_23.avi,2851.5,30.0,Fiber2,Nonsocial,,STOP,1034.3,Z:/Kathleen Murphy/PFC Sync/Cohort 2/Raw Data/Before Bonding/Prebonding_Novels_4039_3661_Novels_4043_4030/video2_2021-04-28T13_09_23.avi,31030,,
4030 prebonding novel,2023-07-27 12:53:24,,2027.367,Media file(s),player #1:Z:/Kathleen Murphy/PFC Sync/Cohort 2/Raw Data/Before Bonding/Prebonding_Novels_4039_3661_Novels_4043_4030/video2_2021-04-28T13_09_23.avi,2851.5,30.0,Fiber2,Cautious,,STOP,1041.133,Z:/Kathleen Murphy/PFC Sync/Cohort 2/Raw Data/Before Bonding/Prebonding_Novels_4039_3661_Novels_4043_4030/video2_2021-04-28T13_09_23.avi,31235,,
4030 prebonding novel,2023-07-27 12:53:24,,2027.367,Media file(s),player #1:Z:/Kathleen Murphy/PFC Sync/Cohort 2/Raw Data/Before Bonding/Prebonding_Novels_4039_3661_Novels_4043_4030/video2_2021-04-28T13_09_23.avi,2851.5,30.0,Fiber2,Prosocial,,START,1041.133,Z:/Kathleen Murphy/PFC Sync/Cohort 2/Raw Data/Before Bonding/Prebonding_Novels_4039_3661_Novels_4043_4030/video2_2021-04-28T13_09_23.avi,31235,,
4030 prebonding novel,2023-07-27 12:53:24,,2027.367,Media file(s),player #1:Z:/Kathleen Murphy/PFC Sync/Cohort 2/Raw Data/Before Bonding/Prebonding_Novels_4039_3661_Novels_4043_4030/video2_2021-04-28T13_09_23.avi,2851.5,30.0,Fiber2,Cautious,,START,1045.1,Z:/Kathleen Murphy/PFC Sync/Cohort 2/Raw Data/Before Bonding/Prebonding_Novels_4039_3661_Novels_4043_4030/video2_2021-04-28T13_09_23.avi,31354,,
4030 prebonding novel,2023-07-27 12:53:24,,2027.367,Media file(s),player #1:Z:/Kathleen Murphy/PFC Sync/Cohort 2/Raw Data/Before Bonding/Prebonding_Novels_4039_3661_Novels_4043_4030/video2_2021-04-28T13_09_23.avi,2851.5,30.0,Fiber2,Prosocial,,STOP,1045.1,Z:/Kathleen Murphy/PFC Sync/Cohort 2/Raw Data/Before Bonding/Prebonding_Novels_4039_3661_Novels_4043_4030/video2_2021-04-28T13_09_23.avi,31354,,
4030 prebonding novel,2023-07-27 12:53:24,,2027.367,Media file(s),player #1:Z:/Kathleen Murphy/PFC Sync/Cohort 2/Raw Data/Before Bonding/Prebonding_Novels_4039_3661_Novels_4043_4030/video2_2021-04-28T13_09_23.avi,2851.5,30.0,Fiber2,Cautious,,STOP,1049.267,Z:/Kathleen Murphy/PFC Sync/Cohort 2/Raw Data/Before Bonding/Prebonding_Novels_4039_3661_Novels_4043_4030/video2_2021-04-28T13_09_23.avi,31479,,
4030 prebonding novel,2023-07-27 12:53:24,,2027.367,Media file(s),player #1:Z:/Kathleen Murphy/PFC Sync/Cohort 2/Raw Data/Before Bonding/Prebonding_Novels_4039_3661_Novels_4043_4030/video2_2021-04-28T13_09_23.avi,2851.5,30.0,Fiber2,Nonsocial,,START,1049.267,Z:/Kathleen Murphy/PFC Sync/Cohort 2/Raw Data/Before Bonding/Prebonding_Novels_4039_3661_Novels_4043_4030/video2_2021-04-28T13_09_23.avi,31479,,
4030 prebonding novel,2023-07-27 12:53:24,,2027.367,Media file(s),player #1:Z:/Kathleen Murphy/PFC Sync/Cohort 2/Raw Data/Before Bonding/Prebonding_Novels_4039_3661_Novels_4043_4030/video2_2021-04-28T13_09_23.avi,2851.5,30.0,Fiber2,Cautious,,START,1052.533,Z:/Kathleen Murphy/PFC Sync/Cohort 2/Raw Data/Before Bonding/Prebonding_Novels_4039_3661_Novels_4043_4030/video2_2021-04-28T13_09_23.avi,31577,,
4030 prebonding novel,2023-07-27 12:53:24,,2027.367,Media file(s),player #1:Z:/Kathleen Murphy/PFC Sync/Cohort 2/Raw Data/Before Bonding/Prebonding_Novels_4039_3661_Novels_4043_4030/video2_2021-04-28T13_09_23.avi,2851.5,30.0,Fiber2,Nonsocial,,STOP,1052.533,Z:/Kathleen Murphy/PFC Sync/Cohort 2/Raw Data/Before Bonding/Prebonding_Novels_4039_3661_Novels_4043_4030/video2_2021-04-28T13_09_23.avi,31577,,
4030 prebonding novel,2023-07-27 12:53:24,,2027.367,Media file(s),player #1:Z:/Kathleen Murphy/PFC Sync/Cohort 2/Raw Data/Before Bonding/Prebonding_Novels_4039_3661_Novels_4043_4030/video2_2021-04-28T13_09_23.avi,2851.5,30.0,Fiber2,Cautious,,STOP,1055.5,Z:/Kathleen Murphy/PFC Sync/Cohort 2/Raw Data/Before Bonding/Prebonding_Novels_4039_3661_Novels_4043_4030/video2_2021-04-28T13_09_23.avi,31666,,
4030 prebonding novel,2023-07-27 12:53:24,,2027.367,Media file(s),player #1:Z:/Kathleen Murphy/PFC Sync/Cohort 2/Raw Data/Before Bonding/Prebonding_Novels_4039_3661_Novels_4043_4030/video2_2021-04-28T13_09_23.avi,2851.5,30.0,Fiber2,Nonsocial,,START,1055.5,Z:/Kathleen Murphy/PFC Sync/Cohort 2/Raw Data/Before Bonding/Prebonding_Novels_4039_3661_Novels_4043_4030/video2_2021-04-28T13_09_23.avi,31666,,
4030 prebonding novel,2023-07-27 12:53:24,,2027.367,Media file(s),player #1:Z:/Kathleen Murphy/PFC Sync/Cohort 2/Raw Data/Before Bonding/Prebonding_Novels_4039_3661_Novels_4043_4030/video2_2021-04-28T13_09_23.avi,2851.5,30.0,Fiber2,Cautious,,START,1058.2,Z:/Kathleen Murphy/PFC Sync/Cohort 2/Raw Data/Before Bonding/Prebonding_Novels_4039_3661_Novels_4043_4030/video2_2021-04-28T13_09_23.avi,31747,,
4030 prebonding novel,2023-07-27 12:53:24,,2027.367,Media file(s),player #1:Z:/Kathleen Murphy/PFC Sync/Cohort 2/Raw Data/Before Bonding/Prebonding_Novels_4039_3661_Novels_4043_4030/video2_2021-04-28T13_09_23.avi,2851.5,30.0,Fiber2,Nonsocial,,STOP,1058.2,Z:/Kathleen Murphy/PFC Sync/Cohort 2/Raw Data/Before Bonding/Prebonding_Novels_4039_3661_Novels_4043_4030/video2_2021-04-28T13_09_23.avi,31747,,
4030 prebonding novel,2023-07-27 12:53:24,,2027.367,Media file(s),player #1:Z:/Kathleen Murphy/PFC Sync/Cohort 2/Raw Data/Before Bonding/Prebonding_Novels_4039_3661_Novels_4043_4030/video2_2021-04-28T13_09_23.avi,2851.5,30.0,Fiber2,Aggressive,,START,1061.167,Z:/Kathleen Murphy/PFC Sync/Cohort 2/Raw Data/Before Bonding/Prebonding_Novels_4039_3661_Novels_4043_4030/video2_2021-04-28T13_09_23.avi,31836,,
4030 prebonding novel,2023-07-27 12:53:24,,2027.367,Media file(s),player #1:Z:/Kathleen Murphy/PFC Sync/Cohort 2/Raw Data/Before Bonding/Prebonding_Novels_4039_3661_Novels_4043_4030/video2_2021-04-28T13_09_23.avi,2851.5,30.0,Fiber2,Cautious,,STOP,1061.167,Z:/Kathleen Murphy/PFC Sync/Cohort 2/Raw Data/Before Bonding/Prebonding_Novels_4039_3661_Novels_4043_4030/video2_2021-04-28T13_09_23.avi,31836,,
4030 prebonding novel,2023-07-27 12:53:24,,2027.367,Media file(s),player #1:Z:/Kathleen Murphy/PFC Sync/Cohort 2/Raw Data/Before Bonding/Prebonding_Novels_4039_3661_Novels_4043_4030/video2_2021-04-28T13_09_23.avi,2851.5,30.0,Fiber2,Aggressive,,STOP,1061.9,Z:/Kathleen Murphy/PFC Sync/Cohort 2/Raw Data/Before Bonding/Prebonding_Novels_4039_3661_Novels_4043_4030/video2_2021-04-28T13_09_23.avi,31858,,
4030 prebonding novel,2023-07-27 12:53:24,,2027.367,Media file(s),player #1:Z:/Kathleen Murphy/PFC Sync/Cohort 2/Raw Data/Before Bonding/Prebonding_Novels_4039_3661_Novels_4043_4030/video2_2021-04-28T13_09_23.avi,2851.5,30.0,Fiber2,Cautious,,START,1061.9,Z:/Kathleen Murphy/PFC Sync/Cohort 2/Raw Data/Before Bonding/Prebonding_Novels_4039_3661_Novels_4043_4030/video2_2021-04-28T13_09_23.avi,31858,,
4030 prebonding novel,2023-07-27 12:53:24,,2027.367,Media file(s),player #1:Z:/Kathleen Murphy/PFC Sync/Cohort 2/Raw Data/Before Bonding/Prebonding_Novels_4039_3661_Novels_4043_4030/video2_2021-04-28T13_09_23.avi,2851.5,30.0,Fiber2,Cautious,,STOP,1084.267,Z:/Kathleen Murphy/PFC Sync/Cohort 2/Raw Data/Before Bonding/Prebonding_Novels_4039_3661_Novels_4043_4030/video2_2021-04-28T13_09_23.avi,32529,,
4030 prebonding novel,2023-07-27 12:53:24,,2027.367,Media file(s),player #1:Z:/Kathleen Murphy/PFC Sync/Cohort 2/Raw Data/Before Bonding/Prebonding_Novels_4039_3661_Novels_4043_4030/video2_2021-04-28T13_09_23.avi,2851.5,30.0,Fiber2,Nonsocial,,START,1084.267,Z:/Kathleen Murphy/PFC Sync/Cohort 2/Raw Data/Before Bonding/Prebonding_Novels_4039_3661_Novels_4043_4030/video2_2021-04-28T13_09_23.avi,32529,,
4030 prebonding novel,2023-07-27 12:53:24,,2027.367,Media file(s),player #1:Z:/Kathleen Murphy/PFC Sync/Cohort 2/Raw Data/Before Bonding/Prebonding_Novels_4039_3661_Novels_4043_4030/video2_2021-04-28T13_09_23.avi,2851.5,30.0,Fiber2,Cautious,,START,1087.467,Z:/Kathleen Murphy/PFC Sync/Cohort 2/Raw Data/Before Bonding/Prebonding_Novels_4039_3661_Novels_4043_4030/video2_2021-04-28T13_09_23.avi,32625,,
4030 prebonding novel,2023-07-27 12:53:24,,2027.367,Media file(s),player #1:Z:/Kathleen Murphy/PFC Sync/Cohort 2/Raw Data/Before Bonding/Prebonding_Novels_4039_3661_Novels_4043_4030/video2_2021-04-28T13_09_23.avi,2851.5,30.0,Fiber2,Nonsocial,,STOP,1087.467,Z:/Kathleen Murphy/PFC Sync/Cohort 2/Raw Data/Before Bonding/Prebonding_Novels_4039_3661_Novels_4043_4030/video2_2021-04-28T13_09_23.avi,32625,,
4030 prebonding novel,2023-07-27 12:53:24,,2027.367,Media file(s),player #1:Z:/Kathleen Murphy/PFC Sync/Cohort 2/Raw Data/Before Bonding/Prebonding_Novels_4039_3661_Novels_4043_4030/video2_2021-04-28T13_09_23.avi,2851.5,30.0,Fiber2,Cautious,,STOP,1106.933,Z:/Kathleen Murphy/PFC Sync/Cohort 2/Raw Data/Before Bonding/Prebonding_Novels_4039_3661_Novels_4043_4030/video2_2021-04-28T13_09_23.avi,33209,,
4030 prebonding novel,2023-07-27 12:53:24,,2027.367,Media file(s),player #1:Z:/Kathleen Murphy/PFC Sync/Cohort 2/Raw Data/Before Bonding/Prebonding_Novels_4039_3661_Novels_4043_4030/video2_2021-04-28T13_09_23.avi,2851.5,30.0,Fiber2,Nonsocial,,START,1106.933,Z:/Kathleen Murphy/PFC Sync/Cohort 2/Raw Data/Before Bonding/Prebonding_Novels_4039_3661_Novels_4043_4030/video2_2021-04-28T13_09_23.avi,33209,,
4030 prebonding novel,2023-07-27 12:53:24,,2027.367,Media file(s),player #1:Z:/Kathleen Murphy/PFC Sync/Cohort 2/Raw Data/Before Bonding/Prebonding_Novels_4039_3661_Novels_4043_4030/video2_2021-04-28T13_09_23.avi,2851.5,30.0,Fiber2,Nonsocial,,STOP,1172.2,Z:/Kathleen Murphy/PFC Sync/Cohort 2/Raw Data/Before Bonding/Prebonding_Novels_4039_3661_Novels_4043_4030/video2_2021-04-28T13_09_23.avi,35167,,
4030 prebonding novel,2023-07-27 12:53:24,,2027.367,Media file(s),player #1:Z:/Kathleen Murphy/PFC Sync/Cohort 2/Raw Data/Before Bonding/Prebonding_Novels_4039_3661_Novels_4043_4030/video2_2021-04-28T13_09_23.avi,2851.5,30.0,Fiber2,Prosocial,,START,1172.2,Z:/Kathleen Murphy/PFC Sync/Cohort 2/Raw Data/Before Bonding/Prebonding_Novels_4039_3661_Novels_4043_4030/video2_2021-04-28T13_09_23.avi,35167,,
4030 prebonding novel,2023-07-27 12:53:24,,2027.367,Media file(s),player #1:Z:/Kathleen Murphy/PFC Sync/Cohort 2/Raw Data/Before Bonding/Prebonding_Novels_4039_3661_Novels_4043_4030/video2_2021-04-28T13_09_23.avi,2851.5,30.0,Fiber2,Cautious,,START,1172.933,Z:/Kathleen Murphy/PFC Sync/Cohort 2/Raw Data/Before Bonding/Prebonding_Novels_4039_3661_Novels_4043_4030/video2_2021-04-28T13_09_23.avi,35189,,
4030 prebonding novel,2023-07-27 12:53:24,,2027.367,Media file(s),player #1:Z:/Kathleen Murphy/PFC Sync/Cohort 2/Raw Data/Before Bonding/Prebonding_Novels_4039_3661_Novels_4043_4030/video2_2021-04-28T13_09_23.avi,2851.5,30.0,Fiber2,Prosocial,,STOP,1172.933,Z:/Kathleen Murphy/PFC Sync/Cohort 2/Raw Data/Before Bonding/Prebonding_Novels_4039_3661_Novels_4043_4030/video2_2021-04-28T13_09_23.avi,35189,,
4030 prebonding novel,2023-07-27 12:53:24,,2027.367,Media file(s),player #1:Z:/Kathleen Murphy/PFC Sync/Cohort 2/Raw Data/Before Bonding/Prebonding_Novels_4039_3661_Novels_4043_4030/video2_2021-04-28T13_09_23.avi,2851.5,30.0,Fiber2,Cautious,,STOP,1175.133,Z:/Kathleen Murphy/PFC Sync/Cohort 2/Raw Data/Before Bonding/Prebonding_Novels_4039_3661_Novels_4043_4030/video2_2021-04-28T13_09_23.avi,35255,,
4030 prebonding novel,2023-07-27 12:53:24,,2027.367,Media file(s),player #1:Z:/Kathleen Murphy/PFC Sync/Cohort 2/Raw Data/Before Bonding/Prebonding_Novels_4039_3661_Novels_4043_4030/video2_2021-04-28T13_09_23.avi,2851.5,30.0,Fiber2,Nonsocial,,START,1175.133,Z:/Kathleen Murphy/PFC Sync/Cohort 2/Raw Data/Before Bonding/Prebonding_Novels_4039_3661_Novels_4043_4030/video2_2021-04-28T13_09_23.avi,35255,,
4030 prebonding novel,2023-07-27 12:53:24,,2027.367,Media file(s),player #1:Z:/Kathleen Murphy/PFC Sync/Cohort 2/Raw Data/Before Bonding/Prebonding_Novels_4039_3661_Novels_4043_4030/video2_2021-04-28T13_09_23.avi,2851.5,30.0,Fiber2,Cautious,,START,1178.6,Z:/Kathleen Murphy/PFC Sync/Cohort 2/Raw Data/Before Bonding/Prebonding_Novels_4039_3661_Novels_4043_4030/video2_2021-04-28T13_09_23.avi,35359,,
4030 prebonding novel,2023-07-27 12:53:24,,2027.367,Media file(s),player #1:Z:/Kathleen Murphy/PFC Sync/Cohort 2/Raw Data/Before Bonding/Prebonding_Novels_4039_3661_Novels_4043_4030/video2_2021-04-28T13_09_23.avi,2851.5,30.0,Fiber2,Nonsocial,,STOP,1178.6,Z:/Kathleen Murphy/PFC Sync/Cohort 2/Raw Data/Before Bonding/Prebonding_Novels_4039_3661_Novels_4043_4030/video2_2021-04-28T13_09_23.avi,35359,,
4030 prebonding novel,2023-07-27 12:53:24,,2027.367,Media file(s),player #1:Z:/Kathleen Murphy/PFC Sync/Cohort 2/Raw Data/Before Bonding/Prebonding_Novels_4039_3661_Novels_4043_4030/video2_2021-04-28T13_09_23.avi,2851.5,30.0,Fiber2,Cautious,,STOP,1188.933,Z:/Kathleen Murphy/PFC Sync/Cohort 2/Raw Data/Before Bonding/Prebonding_Novels_4039_3661_Novels_4043_4030/video2_2021-04-28T13_09_23.avi,35669,,
4030 prebonding novel,2023-07-27 12:53:24,,2027.367,Media file(s),player #1:Z:/Kathleen Murphy/PFC Sync/Cohort 2/Raw Data/Before Bonding/Prebonding_Novels_4039_3661_Novels_4043_4030/video2_2021-04-28T13_09_23.avi,2851.5,30.0,Fiber2,Nonsocial,,START,1188.933,Z:/Kathleen Murphy/PFC Sync/Cohort 2/Raw Data/Before Bonding/Prebonding_Novels_4039_3661_Novels_4043_4030/video2_2021-04-28T13_09_23.avi,35669,,
4030 prebonding novel,2023-07-27 12:53:24,,2027.367,Media file(s),player #1:Z:/Kathleen Murphy/PFC Sync/Cohort 2/Raw Data/Before Bonding/Prebonding_Novels_4039_3661_Novels_4043_4030/video2_2021-04-28T13_09_23.avi,2851.5,30.0,Fiber2,Nonsocial,,STOP,1252.7,Z:/Kathleen Murphy/PFC Sync/Cohort 2/Raw Data/Before Bonding/Prebonding_Novels_4039_3661_Novels_4043_4030/video2_2021-04-28T13_09_23.avi,37582,,
4030 prebonding novel,2023-07-27 12:53:24,,2027.367,Media file(s),player #1:Z:/Kathleen Murphy/PFC Sync/Cohort 2/Raw Data/Before Bonding/Prebonding_Novels_4039_3661_Novels_4043_4030/video2_2021-04-28T13_09_23.avi,2851.5,30.0,Fiber2,Prosocial,,START,1252.7,Z:/Kathleen Murphy/PFC Sync/Cohort 2/Raw Data/Before Bonding/Prebonding_Novels_4039_3661_Novels_4043_4030/video2_2021-04-28T13_09_23.avi,37582,,
4030 prebonding novel,2023-07-27 12:53:24,,2027.367,Media file(s),player #1:Z:/Kathleen Murphy/PFC Sync/Cohort 2/Raw Data/Before Bonding/Prebonding_Novels_4039_3661_Novels_4043_4030/video2_2021-04-28T13_09_23.avi,2851.5,30.0,Fiber2,Cautious,,START,1253.467,Z:/Kathleen Murphy/PFC Sync/Cohort 2/Raw Data/Before Bonding/Prebonding_Novels_4039_3661_Novels_4043_4030/video2_2021-04-28T13_09_23.avi,37605,,
4030 prebonding novel,2023-07-27 12:53:24,,2027.367,Media file(s),player #1:Z:/Kathleen Murphy/PFC Sync/Cohort 2/Raw Data/Before Bonding/Prebonding_Novels_4039_3661_Novels_4043_4030/video2_2021-04-28T13_09_23.avi,2851.5,30.0,Fiber2,Prosocial,,STOP,1253.467,Z:/Kathleen Murphy/PFC Sync/Cohort 2/Raw Data/Before Bonding/Prebonding_Novels_4039_3661_Novels_4043_4030/video2_2021-04-28T13_09_23.avi,37605,,
4030 prebonding novel,2023-07-27 12:53:24,,2027.367,Media file(s),player #1:Z:/Kathleen Murphy/PFC Sync/Cohort 2/Raw Data/Before Bonding/Prebonding_Novels_4039_3661_Novels_4043_4030/video2_2021-04-28T13_09_23.avi,2851.5,30.0,Fiber2,Cautious,,STOP,1265.6,Z:/Kathleen Murphy/PFC Sync/Cohort 2/Raw Data/Before Bonding/Prebonding_Novels_4039_3661_Novels_4043_4030/video2_2021-04-28T13_09_23.avi,37969,,
4030 prebonding novel,2023-07-27 12:53:24,,2027.367,Media file(s),player #1:Z:/Kathleen Murphy/PFC Sync/Cohort 2/Raw Data/Before Bonding/Prebonding_Novels_4039_3661_Novels_4043_4030/video2_2021-04-28T13_09_23.avi,2851.5,30.0,Fiber2,Nonsocial,,START,1265.6,Z:/Kathleen Murphy/PFC Sync/Cohort 2/Raw Data/Before Bonding/Prebonding_Novels_4039_3661_Novels_4043_4030/video2_2021-04-28T13_09_23.avi,37969,,
4030 prebonding novel,2023-07-27 12:53:24,,2027.367,Media file(s),player #1:Z:/Kathleen Murphy/PFC Sync/Cohort 2/Raw Data/Before Bonding/Prebonding_Novels_4039_3661_Novels_4043_4030/video2_2021-04-28T13_09_23.avi,2851.5,30.0,Fiber2,Nonsocial,,STOP,1266.533,Z:/Kathleen Murphy/PFC Sync/Cohort 2/Raw Data/Before Bonding/Prebonding_Novels_4039_3661_Novels_4043_4030/video2_2021-04-28T13_09_23.avi,37997,,
4030 prebonding novel,2023-07-27 12:53:24,,2027.367,Media file(s),player #1:Z:/Kathleen Murphy/PFC Sync/Cohort 2/Raw Data/Before Bonding/Prebonding_Novels_4039_3661_Novels_4043_4030/video2_2021-04-28T13_09_23.avi,2851.5,30.0,Fiber2,Prosocial,,START,1266.533,Z:/Kathleen Murphy/PFC Sync/Cohort 2/Raw Data/Before Bonding/Prebonding_Novels_4039_3661_Novels_4043_4030/video2_2021-04-28T13_09_23.avi,37997,,
4030 prebonding novel,2023-07-27 12:53:24,,2027.367,Media file(s),player #1:Z:/Kathleen Murphy/PFC Sync/Cohort 2/Raw Data/Before Bonding/Prebonding_Novels_4039_3661_Novels_4043_4030/video2_2021-04-28T13_09_23.avi,2851.5,30.0,Fiber2,Nonsocial,,START,1268.533,Z:/Kathleen Murphy/PFC Sync/Cohort 2/Raw Data/Before Bonding/Prebonding_Novels_4039_3661_Novels_4043_4030/video2_2021-04-28T13_09_23.avi,38057,,
4030 prebonding novel,2023-07-27 12:53:24,,2027.367,Media file(s),player #1:Z:/Kathleen Murphy/PFC Sync/Cohort 2/Raw Data/Before Bonding/Prebonding_Novels_4039_3661_Novels_4043_4030/video2_2021-04-28T13_09_23.avi,2851.5,30.0,Fiber2,Prosocial,,STOP,1268.533,Z:/Kathleen Murphy/PFC Sync/Cohort 2/Raw Data/Before Bonding/Prebonding_Novels_4039_3661_Novels_4043_4030/video2_2021-04-28T13_09_23.avi,38057,,
4030 prebonding novel,2023-07-27 12:53:24,,2027.367,Media file(s),player #1:Z:/Kathleen Murphy/PFC Sync/Cohort 2/Raw Data/Before Bonding/Prebonding_Novels_4039_3661_Novels_4043_4030/video2_2021-04-28T13_09_23.avi,2851.5,30.0,Fiber2,Nonsocial,,STOP,1271.733,Z:/Kathleen Murphy/PFC Sync/Cohort 2/Raw Data/Before Bonding/Prebonding_Novels_4039_3661_Novels_4043_4030/video2_2021-04-28T13_09_23.avi,38153,,
4030 prebonding novel,2023-07-27 12:53:24,,2027.367,Media file(s),player #1:Z:/Kathleen Murphy/PFC Sync/Cohort 2/Raw Data/Before Bonding/Prebonding_Novels_4039_3661_Novels_4043_4030/video2_2021-04-28T13_09_23.avi,2851.5,30.0,Fiber2,Prosocial,,START,1271.733,Z:/Kathleen Murphy/PFC Sync/Cohort 2/Raw Data/Before Bonding/Prebonding_Novels_4039_3661_Novels_4043_4030/video2_2021-04-28T13_09_23.avi,38153,,
4030 prebonding novel,2023-07-27 12:53:24,,2027.367,Media file(s),player #1:Z:/Kathleen Murphy/PFC Sync/Cohort 2/Raw Data/Before Bonding/Prebonding_Novels_4039_3661_Novels_4043_4030/video2_2021-04-28T13_09_23.avi,2851.5,30.0,Fiber2,Cautious,,START,1273.5,Z:/Kathleen Murphy/PFC Sync/Cohort 2/Raw Data/Before Bonding/Prebonding_Novels_4039_3661_Novels_4043_4030/video2_2021-04-28T13_09_23.avi,38206,,
4030 prebonding novel,2023-07-27 12:53:24,,2027.367,Media file(s),player #1:Z:/Kathleen Murphy/PFC Sync/Cohort 2/Raw Data/Before Bonding/Prebonding_Novels_4039_3661_Novels_4043_4030/video2_2021-04-28T13_09_23.avi,2851.5,30.0,Fiber2,Prosocial,,STOP,1273.5,Z:/Kathleen Murphy/PFC Sync/Cohort 2/Raw Data/Before Bonding/Prebonding_Novels_4039_3661_Novels_4043_4030/video2_2021-04-28T13_09_23.avi,38206,,
4030 prebonding novel,2023-07-27 12:53:24,,2027.367,Media file(s),player #1:Z:/Kathleen Murphy/PFC Sync/Cohort 2/Raw Data/Before Bonding/Prebonding_Novels_4039_3661_Novels_4043_4030/video2_2021-04-28T13_09_23.avi,2851.5,30.0,Fiber2,Cautious,,STOP,1301.667,Z:/Kathleen Murphy/PFC Sync/Cohort 2/Raw Data/Before Bonding/Prebonding_Novels_4039_3661_Novels_4043_4030/video2_2021-04-28T13_09_23.avi,39051,,
4030 prebonding novel,2023-07-27 12:53:24,,2027.367,Media file(s),player #1:Z:/Kathleen Murphy/PFC Sync/Cohort 2/Raw Data/Before Bonding/Prebonding_Novels_4039_3661_Novels_4043_4030/video2_2021-04-28T13_09_23.avi,2851.5,30.0,Fiber2,Nonsocial,,START,1301.667,Z:/Kathleen Murphy/PFC Sync/Cohort 2/Raw Data/Before Bonding/Prebonding_Novels_4039_3661_Novels_4043_4030/video2_2021-04-28T13_09_23.avi,39051,,
4030 prebonding novel,2023-07-27 12:53:24,,2027.367,Media file(s),player #1:Z:/Kathleen Murphy/PFC Sync/Cohort 2/Raw Data/Before Bonding/Prebonding_Novels_4039_3661_Novels_4043_4030/video2_2021-04-28T13_09_23.avi,2851.5,30.0,Fiber2,Cautious,,START,1771.3,Z:/Kathleen Murphy/PFC Sync/Cohort 2/Raw Data/Before Bonding/Prebonding_Novels_4039_3661_Novels_4043_4030/video2_2021-04-28T13_09_23.avi,53140,,
4030 prebonding novel,2023-07-27 12:53:24,,2027.367,Media file(s),player #1:Z:/Kathleen Murphy/PFC Sync/Cohort 2/Raw Data/Before Bonding/Prebonding_Novels_4039_3661_Novels_4043_4030/video2_2021-04-28T13_09_23.avi,2851.5,30.0,Fiber2,Nonsocial,,STOP,1771.3,Z:/Kathleen Murphy/PFC Sync/Cohort 2/Raw Data/Before Bonding/Prebonding_Novels_4039_3661_Novels_4043_4030/video2_2021-04-28T13_09_23.avi,53140,,
4030 prebonding novel,2023-07-27 12:53:24,,2027.367,Media file(s),player #1:Z:/Kathleen Murphy/PFC Sync/Cohort 2/Raw Data/Before Bonding/Prebonding_Novels_4039_3661_Novels_4043_4030/video2_2021-04-28T13_09_23.avi,2851.5,30.0,Fiber2,Cautious,,STOP,1772.333,Z:/Kathleen Murphy/PFC Sync/Cohort 2/Raw Data/Before Bonding/Prebonding_Novels_4039_3661_Novels_4043_4030/video2_2021-04-28T13_09_23.avi,53171,,
4030 prebonding novel,2023-07-27 12:53:24,,2027.367,Media file(s),player #1:Z:/Kathleen Murphy/PFC Sync/Cohort 2/Raw Data/Before Bonding/Prebonding_Novels_4039_3661_Novels_4043_4030/video2_2021-04-28T13_09_23.avi,2851.5,30.0,Fiber2,Defensive,,START,1772.333,Z:/Kathleen Murphy/PFC Sync/Cohort 2/Raw Data/Before Bonding/Prebonding_Novels_4039_3661_Novels_4043_4030/video2_2021-04-28T13_09_23.avi,53171,,
4030 prebonding novel,2023-07-27 12:53:24,,2027.367,Media file(s),player #1:Z:/Kathleen Murphy/PFC Sync/Cohort 2/Raw Data/Before Bonding/Prebonding_Novels_4039_3661_Novels_4043_4030/video2_2021-04-28T13_09_23.avi,2851.5,30.0,Fiber2,Defensive,,STOP,1773.267,Z:/Kathleen Murphy/PFC Sync/Cohort 2/Raw Data/Before Bonding/Prebonding_Novels_4039_3661_Novels_4043_4030/video2_2021-04-28T13_09_23.avi,53199,,
4030 prebonding novel,2023-07-27 12:53:24,,2027.367,Media file(s),player #1:Z:/Kathleen Murphy/PFC Sync/Cohort 2/Raw Data/Before Bonding/Prebonding_Novels_4039_3661_Novels_4043_4030/video2_2021-04-28T13_09_23.avi,2851.5,30.0,Fiber2,Nonsocial,,START,1773.267,Z:/Kathleen Murphy/PFC Sync/Cohort 2/Raw Data/Before Bonding/Prebonding_Novels_4039_3661_Novels_4043_4030/video2_2021-04-28T13_09_23.avi,53199,,
4030 prebonding novel,2023-07-27 12:53:24,,2027.367,Media file(s),player #1:Z:/Kathleen Murphy/PFC Sync/Cohort 2/Raw Data/Before Bonding/Prebonding_Novels_4039_3661_Novels_4043_4030/video2_2021-04-28T13_09_23.avi,2851.5,30.0,Fiber2,Cautious,,START,1774.867,Z:/Kathleen Murphy/PFC Sync/Cohort 2/Raw Data/Before Bonding/Prebonding_Novels_4039_3661_Novels_4043_4030/video2_2021-04-28T13_09_23.avi,53247,,
4030 prebonding novel,2023-07-27 12:53:24,,2027.367,Media file(s),player #1:Z:/Kathleen Murphy/PFC Sync/Cohort 2/Raw Data/Before Bonding/Prebonding_Novels_4039_3661_Novels_4043_4030/video2_2021-04-28T13_09_23.avi,2851.5,30.0,Fiber2,Nonsocial,,STOP,1774.867,Z:/Kathleen Murphy/PFC Sync/Cohort 2/Raw Data/Before Bonding/Prebonding_Novels_4039_3661_Novels_4043_4030/video2_2021-04-28T13_09_23.avi,53247,,
4030 prebonding novel,2023-07-27 12:53:24,,2027.367,Media file(s),player #1:Z:/Kathleen Murphy/PFC Sync/Cohort 2/Raw Data/Before Bonding/Prebonding_Novels_4039_3661_Novels_4043_4030/video2_2021-04-28T13_09_23.avi,2851.5,30.0,Fiber2,Cautious,,STOP,1777.467,Z:/Kathleen Murphy/PFC Sync/Cohort 2/Raw Data/Before Bonding/Prebonding_Novels_4039_3661_Novels_4043_4030/video2_2021-04-28T13_09_23.avi,53325,,
4030 prebonding novel,2023-07-27 12:53:24,,2027.367,Media file(s),player #1:Z:/Kathleen Murphy/PFC Sync/Cohort 2/Raw Data/Before Bonding/Prebonding_Novels_4039_3661_Novels_4043_4030/video2_2021-04-28T13_09_23.avi,2851.5,30.0,Fiber2,Defensive,,START,1777.467,Z:/Kathleen Murphy/PFC Sync/Cohort 2/Raw Data/Before Bonding/Prebonding_Novels_4039_3661_Novels_4043_4030/video2_2021-04-28T13_09_23.avi,53325,,
4030 prebonding novel,2023-07-27 12:53:24,,2027.367,Media file(s),player #1:Z:/Kathleen Murphy/PFC Sync/Cohort 2/Raw Data/Before Bonding/Prebonding_Novels_4039_3661_Novels_4043_4030/video2_2021-04-28T13_09_23.avi,2851.5,30.0,Fiber2,Cautious,,START,1777.933,Z:/Kathleen Murphy/PFC Sync/Cohort 2/Raw Data/Before Bonding/Prebonding_Novels_4039_3661_Novels_4043_4030/video2_2021-04-28T13_09_23.avi,53339,,
4030 prebonding novel,2023-07-27 12:53:24,,2027.367,Media file(s),player #1:Z:/Kathleen Murphy/PFC Sync/Cohort 2/Raw Data/Before Bonding/Prebonding_Novels_4039_3661_Novels_4043_4030/video2_2021-04-28T13_09_23.avi,2851.5,30.0,Fiber2,Defensive,,STOP,1777.933,Z:/Kathleen Murphy/PFC Sync/Cohort 2/Raw Data/Before Bonding/Prebonding_Novels_4039_3661_Novels_4043_4030/video2_2021-04-28T13_09_23.avi,53339,,
4030 prebonding novel,2023-07-27 12:53:24,,2027.367,Media file(s),player #1:Z:/Kathleen Murphy/PFC Sync/Cohort 2/Raw Data/Before Bonding/Prebonding_Novels_4039_3661_Novels_4043_4030/video2_2021-04-28T13_09_23.avi,2851.5,30.0,Fiber2,Cautious,,STOP,1795.9,Z:/Kathleen Murphy/PFC Sync/Cohort 2/Raw Data/Before Bonding/Prebonding_Novels_4039_3661_Novels_4043_4030/video2_2021-04-28T13_09_23.avi,53878,,
4030 prebonding novel,2023-07-27 12:53:24,,2027.367,Media file(s),player #1:Z:/Kathleen Murphy/PFC Sync/Cohort 2/Raw Data/Before Bonding/Prebonding_Novels_4039_3661_Novels_4043_4030/video2_2021-04-28T13_09_23.avi,2851.5,30.0,Fiber2,Nonsocial,,START,1795.9,Z:/Kathleen Murphy/PFC Sync/Cohort 2/Raw Data/Before Bonding/Prebonding_Novels_4039_3661_Novels_4043_4030/video2_2021-04-28T13_09_23.avi,53878,,
4030 prebonding novel,2023-07-27 12:53:24,,2027.367,Media file(s),player #1:Z:/Kathleen Murphy/PFC Sync/Cohort 2/Raw Data/Before Bonding/Prebonding_Novels_4039_3661_Novels_4043_4030/video2_2021-04-28T13_09_23.avi,2851.5,30.0,Fiber2,Cautious,,START,1814.767,Z:/Kathleen Murphy/PFC Sync/Cohort 2/Raw Data/Before Bonding/Prebonding_Novels_4039_3661_Novels_4043_4030/video2_2021-04-28T13_09_23.avi,54444,,
4030 prebonding novel,2023-07-27 12:53:24,,2027.367,Media file(s),player #1:Z:/Kathleen Murphy/PFC Sync/Cohort 2/Raw Data/Before Bonding/Prebonding_Novels_4039_3661_Novels_4043_4030/video2_2021-04-28T13_09_23.avi,2851.5,30.0,Fiber2,Nonsocial,,STOP,1814.767,Z:/Kathleen Murphy/PFC Sync/Cohort 2/Raw Data/Before Bonding/Prebonding_Novels_4039_3661_Novels_4043_4030/video2_2021-04-28T13_09_23.avi,54444,,
4030 prebonding novel,2023-07-27 12:53:24,,2027.367,Media file(s),player #1:Z:/Kathleen Murphy/PFC Sync/Cohort 2/Raw Data/Before Bonding/Prebonding_Novels_4039_3661_Novels_4043_4030/video2_2021-04-28T13_09_23.avi,2851.5,30.0,Fiber2,Cautious,,STOP,1815.867,Z:/Kathleen Murphy/PFC Sync/Cohort 2/Raw Data/Before Bonding/Prebonding_Novels_4039_3661_Novels_4043_4030/video2_2021-04-28T13_09_23.avi,54477,,
4030 prebonding novel,2023-07-27 12:53:24,,2027.367,Media file(s),player #1:Z:/Kathleen Murphy/PFC Sync/Cohort 2/Raw Data/Before Bonding/Prebonding_Novels_4039_3661_Novels_4043_4030/video2_2021-04-28T13_09_23.avi,2851.5,30.0,Fiber2,Nonsocial,,START,1815.867,Z:/Kathleen Murphy/PFC Sync/Cohort 2/Raw Data/Before Bonding/Prebonding_Novels_4039_3661_Novels_4043_4030/video2_2021-04-28T13_09_23.avi,54477,,
4030 prebonding novel,2023-07-27 12:53:24,,2027.367,Media file(s),player #1:Z:/Kathleen Murphy/PFC Sync/Cohort 2/Raw Data/Before Bonding/Prebonding_Novels_4039_3661_Novels_4043_4030/video2_2021-04-28T13_09_23.avi,2851.5,30.0,Fiber2,Cautious,,START,1861.067,Z:/Kathleen Murphy/PFC Sync/Cohort 2/Raw Data/Before Bonding/Prebonding_Novels_4039_3661_Novels_4043_4030/video2_2021-04-28T13_09_23.avi,55833,,
4030 prebonding novel,2023-07-27 12:53:24,,2027.367,Media file(s),player #1:Z:/Kathleen Murphy/PFC Sync/Cohort 2/Raw Data/Before Bonding/Prebonding_Novels_4039_3661_Novels_4043_4030/video2_2021-04-28T13_09_23.avi,2851.5,30.0,Fiber2,Nonsocial,,STOP,1861.067,Z:/Kathleen Murphy/PFC Sync/Cohort 2/Raw Data/Before Bonding/Prebonding_Novels_4039_3661_Novels_4043_4030/video2_2021-04-28T13_09_23.avi,55833,,
4030 prebonding novel,2023-07-27 12:53:24,,2027.367,Media file(s),player #1:Z:/Kathleen Murphy/PFC Sync/Cohort 2/Raw Data/Before Bonding/Prebonding_Novels_4039_3661_Novels_4043_4030/video2_2021-04-28T13_09_23.avi,2851.5,30.0,Fiber2,Cautious,,STOP,1896.667,Z:/Kathleen Murphy/PFC Sync/Cohort 2/Raw Data/Before Bonding/Prebonding_Novels_4039_3661_Novels_4043_4030/video2_2021-04-28T13_09_23.avi,56901,,
4030 prebonding novel,2023-07-27 12:53:24,,2027.367,Media file(s),player #1:Z:/Kathleen Murphy/PFC Sync/Cohort 2/Raw Data/Before Bonding/Prebonding_Novels_4039_3661_Novels_4043_4030/video2_2021-04-28T13_09_23.avi,2851.5,30.0,Fiber2,Nonsocial,,START,1896.667,Z:/Kathleen Murphy/PFC Sync/Cohort 2/Raw Data/Before Bonding/Prebonding_Novels_4039_3661_Novels_4043_4030/video2_2021-04-28T13_09_23.avi,56901,,
4030 prebonding novel,2023-07-27 12:53:24,,2027.367,Media file(s),player #1:Z:/Kathleen Murphy/PFC Sync/Cohort 2/Raw Data/Before Bonding/Prebonding_Novels_4039_3661_Novels_4043_4030/video2_2021-04-28T13_09_23.avi,2851.5,30.0,Fiber2,Cautious,,START,1923.2,Z:/Kathleen Murphy/PFC Sync/Cohort 2/Raw Data/Before Bonding/Prebonding_Novels_4039_3661_Novels_4043_4030/video2_2021-04-28T13_09_23.avi,57697,,
4030 prebonding novel,2023-07-27 12:53:24,,2027.367,Media file(s),player #1:Z:/Kathleen Murphy/PFC Sync/Cohort 2/Raw Data/Before Bonding/Prebonding_Novels_4039_3661_Novels_4043_4030/video2_2021-04-28T13_09_23.avi,2851.5,30.0,Fiber2,Nonsocial,,STOP,1923.2,Z:/Kathleen Murphy/PFC Sync/Cohort 2/Raw Data/Before Bonding/Prebonding_Novels_4039_3661_Novels_4043_4030/video2_2021-04-28T13_09_23.avi,57697,,
4030 prebonding novel,2023-07-27 12:53:24,,2027.367,Media file(s),player #1:Z:/Kathleen Murphy/PFC Sync/Cohort 2/Raw Data/Before Bonding/Prebonding_Novels_4039_3661_Novels_4043_4030/video2_2021-04-28T13_09_23.avi,2851.5,30.0,Fiber2,Cautious,,STOP,1949.833,Z:/Kathleen Murphy/PFC Sync/Cohort 2/Raw Data/Before Bonding/Prebonding_Novels_4039_3661_Novels_4043_4030/video2_2021-04-28T13_09_23.avi,58496,,
4030 prebonding novel,2023-07-27 12:53:24,,2027.367,Media file(s),player #1:Z:/Kathleen Murphy/PFC Sync/Cohort 2/Raw Data/Before Bonding/Prebonding_Novels_4039_3661_Novels_4043_4030/video2_2021-04-28T13_09_23.avi,2851.5,30.0,Fiber2,Nonsocial,,START,1949.833,Z:/Kathleen Murphy/PFC Sync/Cohort 2/Raw Data/Before Bonding/Prebonding_Novels_4039_3661_Novels_4043_4030/video2_2021-04-28T13_09_23.avi,58496,,
4030 prebonding novel,2023-07-27 12:53:24,,2027.367,Media file(s),player #1:Z:/Kathleen Murphy/PFC Sync/Cohort 2/Raw Data/Before Bonding/Prebonding_Novels_4039_3661_Novels_4043_4030/video2_2021-04-28T13_09_23.avi,2851.5,30.0,Fiber2,Cautious,,START,1951.967,Z:/Kathleen Murphy/PFC Sync/Cohort 2/Raw Data/Before Bonding/Prebonding_Novels_4039_3661_Novels_4043_4030/video2_2021-04-28T13_09_23.avi,58560,,
4030 prebonding novel,2023-07-27 12:53:24,,2027.367,Media file(s),player #1:Z:/Kathleen Murphy/PFC Sync/Cohort 2/Raw Data/Before Bonding/Prebonding_Novels_4039_3661_Novels_4043_4030/video2_2021-04-28T13_09_23.avi,2851.5,30.0,Fiber2,Nonsocial,,STOP,1951.967,Z:/Kathleen Murphy/PFC Sync/Cohort 2/Raw Data/Before Bonding/Prebonding_Novels_4039_3661_Novels_4043_4030/video2_2021-04-28T13_09_23.avi,58560,,
4030 prebonding novel,2023-07-27 12:53:24,,2027.367,Media file(s),player #1:Z:/Kathleen Murphy/PFC Sync/Cohort 2/Raw Data/Before Bonding/Prebonding_Novels_4039_3661_Novels_4043_4030/video2_2021-04-28T13_09_23.avi,2851.5,30.0,Fiber2,Cautious,,STOP,1964.333,Z:/Kathleen Murphy/PFC Sync/Cohort 2/Raw Data/Before Bonding/Prebonding_Novels_4039_3661_Novels_4043_4030/video2_2021-04-28T13_09_23.avi,58931,,
4030 prebonding novel,2023-07-27 12:53:24,,2027.367,Media file(s),player #1:Z:/Kathleen Murphy/PFC Sync/Cohort 2/Raw Data/Before Bonding/Prebonding_Novels_4039_3661_Novels_4043_4030/video2_2021-04-28T13_09_23.avi,2851.5,30.0,Fiber2,Nonsocial,,START,1964.333,Z:/Kathleen Murphy/PFC Sync/Cohort 2/Raw Data/Before Bonding/Prebonding_Novels_4039_3661_Novels_4043_4030/video2_2021-04-28T13_09_23.avi,58931,,
4030 prebonding novel,2023-07-27 12:53:24,,2027.367,Media file(s),player #1:Z:/Kathleen Murphy/PFC Sync/Cohort 2/Raw Data/Before Bonding/Prebonding_Novels_4039_3661_Novels_4043_4030/video2_2021-04-28T13_09_23.avi,2851.5,30.0,Fiber2,Cautious,,START,1972.467,Z:/Kathleen Murphy/PFC Sync/Cohort 2/Raw Data/Before Bonding/Prebonding_Novels_4039_3661_Novels_4043_4030/video2_2021-04-28T13_09_23.avi,59175,,
4030 prebonding novel,2023-07-27 12:53:24,,2027.367,Media file(s),player #1:Z:/Kathleen Murphy/PFC Sync/Cohort 2/Raw Data/Before Bonding/Prebonding_Novels_4039_3661_Novels_4043_4030/video2_2021-04-28T13_09_23.avi,2851.5,30.0,Fiber2,Nonsocial,,STOP,1972.467,Z:/Kathleen Murphy/PFC Sync/Cohort 2/Raw Data/Before Bonding/Prebonding_Novels_4039_3661_Novels_4043_4030/video2_2021-04-28T13_09_23.avi,59175,,
4030 prebonding novel,2023-07-27 12:53:24,,2027.367,Media file(s),player #1:Z:/Kathleen Murphy/PFC Sync/Cohort 2/Raw Data/Before Bonding/Prebonding_Novels_4039_3661_Novels_4043_4030/video2_2021-04-28T13_09_23.avi,2851.5,30.0,Fiber2,Cautious,,STOP,1985.567,Z:/Kathleen Murphy/PFC Sync/Cohort 2/Raw Data/Before Bonding/Prebonding_Novels_4039_3661_Novels_4043_4030/video2_2021-04-28T13_09_23.avi,59568,,
4030 prebonding novel,2023-07-27 12:53:24,,2027.367,Media file(s),player #1:Z:/Kathleen Murphy/PFC Sync/Cohort 2/Raw Data/Before Bonding/Prebonding_Novels_4039_3661_Novels_4043_4030/video2_2021-04-28T13_09_23.avi,2851.5,30.0,Fiber2,Nonsocial,,START,1985.567,Z:/Kathleen Murphy/PFC Sync/Cohort 2/Raw Data/Before Bonding/Prebonding_Novels_4039_3661_Novels_4043_4030/video2_2021-04-28T13_09_23.avi,59568,,
4030 prebonding novel,2023-07-27 12:53:24,,2027.367,Media file(s),player #1:Z:/Kathleen Murphy/PFC Sync/Cohort 2/Raw Data/Before Bonding/Prebonding_Novels_4039_3661_Novels_4043_4030/video2_2021-04-28T13_09_23.avi,2851.5,30.0,Fiber2,Huh?,,START,2109.767,Z:/Kathleen Murphy/PFC Sync/Cohort 2/Raw Data/Before Bonding/Prebonding_Novels_4039_3661_Novels_4043_4030/video2_2021-04-28T13_09_23.avi,63294,,
4030 prebonding novel,2023-07-27 12:53:24,,2027.367,Media file(s),player #1:Z:/Kathleen Murphy/PFC Sync/Cohort 2/Raw Data/Before Bonding/Prebonding_Novels_4039_3661_Novels_4043_4030/video2_2021-04-28T13_09_23.avi,2851.5,30.0,Fiber2,Nonsocial,,STOP,2109.767,Z:/Kathleen Murphy/PFC Sync/Cohort 2/Raw Data/Before Bonding/Prebonding_Novels_4039_3661_Novels_4043_4030/video2_2021-04-28T13_09_23.avi,63294,,
4030 prebonding novel,2023-07-27 12:53:24,,2027.367,Media file(s),player #1:Z:/Kathleen Murphy/PFC Sync/Cohort 2/Raw Data/Before Bonding/Prebonding_Novels_4039_3661_Novels_4043_4030/video2_2021-04-28T13_09_23.avi,2851.5,30.0,Fiber2,Cautious,,START,2112.1,Z:/Kathleen Murphy/PFC Sync/Cohort 2/Raw Data/Before Bonding/Prebonding_Novels_4039_3661_Novels_4043_4030/video2_2021-04-28T13_09_23.avi,63364,,
4030 prebonding novel,2023-07-27 12:53:24,,2027.367,Media file(s),player #1:Z:/Kathleen Murphy/PFC Sync/Cohort 2/Raw Data/Before Bonding/Prebonding_Novels_4039_3661_Novels_4043_4030/video2_2021-04-28T13_09_23.avi,2851.5,30.0,Fiber2,Huh?,,STOP,2112.1,Z:/Kathleen Murphy/PFC Sync/Cohort 2/Raw Data/Before Bonding/Prebonding_Novels_4039_3661_Novels_4043_4030/video2_2021-04-28T13_09_23.avi,63364,,
4030 prebonding novel,2023-07-27 12:53:24,,2027.367,Media file(s),player #1:Z:/Kathleen Murphy/PFC Sync/Cohort 2/Raw Data/Before Bonding/Prebonding_Novels_4039_3661_Novels_4043_4030/video2_2021-04-28T13_09_23.avi,2851.5,30.0,Fiber2,Cautious,,STOP,2115.867,Z:/Kathleen Murphy/PFC Sync/Cohort 2/Raw Data/Before Bonding/Prebonding_Novels_4039_3661_Novels_4043_4030/video2_2021-04-28T13_09_23.avi,63477,,
4030 prebonding novel,2023-07-27 12:53:24,,2027.367,Media file(s),player #1:Z:/Kathleen Murphy/PFC Sync/Cohort 2/Raw Data/Before Bonding/Prebonding_Novels_4039_3661_Novels_4043_4030/video2_2021-04-28T13_09_23.avi,2851.5,30.0,Fiber2,Separated,,START,2115.867,Z:/Kathleen Murphy/PFC Sync/Cohort 2/Raw Data/Before Bonding/Prebonding_Novels_4039_3661_Novels_4043_4030/video2_2021-04-28T13_09_23.avi,63477,,
4030 prebonding novel,2023-07-27 12:53:24,,2027.367,Media file(s),player #1:Z:/Kathleen Murphy/PFC Sync/Cohort 2/Raw Data/Before Bonding/Prebonding_Novels_4039_3661_Novels_4043_4030/video2_2021-04-28T13_09_23.avi,2851.5,30.0,Fiber2,Separated,,STOP,2851.467,Z:/Kathleen Murphy/PFC Sync/Cohort 2/Raw Data/Before Bonding/Prebonding_Novels_4039_3661_Novels_4043_4030/video2_2021-04-28T13_09_23.avi,85545,,
